"","subclass","term","estimate","std.error","statistic","p.value","dataset","mapping","filtering","class"
"1","Astrocyte","(Intercept)",0.227466689032533,0.453732808132728,0.501322992200276,0.621617152129737,"Mathys","MTGnCgG_Top20PctMostVar","Filtered","Non-neuronal"
"2","Astrocyte","scale(age_death)",-0.0498983452820012,0.213615776494294,-0.23358923250378,0.817678167952242,"Mathys","MTGnCgG_Top20PctMostVar","Filtered","Non-neuronal"
"3","Astrocyte","factor(msex)1",-0.616067845464281,0.436206241290064,-1.41233156967742,0.173224137211429,"Mathys","MTGnCgG_Top20PctMostVar","Filtered","Non-neuronal"
"4","Astrocyte","scale(pmi)",-0.0363372413632603,0.22301893470569,-0.162933436173091,0.872205912533146,"Mathys","MTGnCgG_Top20PctMostVar","Filtered","Non-neuronal"
"5","Astrocyte","LOADAD",0.106634182484878,0.468461082813129,0.227626555112187,0.822247420080329,"Mathys","MTGnCgG_Top20PctMostVar","Filtered","Non-neuronal"
"6","Astrocyte","LOADAD",0.420970177975645,0.85827836256516,0.490482105033476,0.644557967745522,"Cain","MTGnCgG_Top20PctMostVar","Filtered","Non-neuronal"
"7","Astrocyte","(Intercept)",-0.0214849581492043,0.412839468587538,-0.0520419189151452,0.959428347550351,"Zhou","MTGnCgG_Top20PctMostVar","Unfiltered","Non-neuronal"
"8","Astrocyte","scale(age_death)",0.0329345992930248,0.273568921731214,0.120388672385029,0.906346063121371,"Zhou","MTGnCgG_Top20PctMostVar","Unfiltered","Non-neuronal"
"9","Astrocyte","factor(msex)1",-0.486912537138458,0.565327132740263,-0.861293415687104,0.407459318584797,"Zhou","MTGnCgG_Top20PctMostVar","Unfiltered","Non-neuronal"
"10","Astrocyte","scale(pmi)",-0.246598807577841,0.286881270943332,-0.859584896451996,0.408360830930613,"Zhou","MTGnCgG_Top20PctMostVar","Unfiltered","Non-neuronal"
"11","Astrocyte","LOADAD",0.408154319152252,0.538961300778736,0.757298007412623,0.464784551259096,"Zhou","MTGnCgG_Top20PctMostVar","Unfiltered","Non-neuronal"
"12","Astrocyte","LOADAD",0.192756485026366,1.03965669896396,0.185403975387696,0.860198625242394,"Cain","MTGnCgG_Top20PctMostVar","Unfiltered","Non-neuronal"
"13","Astrocyte","LOADAD",-0.0550889674885499,0.479565622361925,-0.114872636652372,0.909691536380345,"Mathys","MTGnCgG_Top20PctMostVar","Unfiltered","Non-neuronal"
"14","Astrocyte","(Intercept)",0.121068519023876,0.406547886911811,0.297796453804072,0.771407653705882,"Zhou","MTGnCgG_Top20PctMostVar","Filtered","Non-neuronal"
"15","Astrocyte","scale(age_death)",0.0987542479625187,0.269399792212418,0.366571359062713,0.720892208516435,"Zhou","MTGnCgG_Top20PctMostVar","Filtered","Non-neuronal"
"16","Astrocyte","factor(msex)1",-0.64169224469246,0.556711672979818,-1.15264736817495,0.273488702067599,"Zhou","MTGnCgG_Top20PctMostVar","Filtered","Non-neuronal"
"17","Astrocyte","scale(pmi)",-0.227206438394444,0.282509264183534,-0.804244204348774,0.438291957972962,"Zhou","MTGnCgG_Top20PctMostVar","Filtered","Non-neuronal"
"18","Astrocyte","LOADAD",0.239132145471591,0.530747650432982,0.450557143826277,0.661059989656149,"Zhou","MTGnCgG_Top20PctMostVar","Filtered","Non-neuronal"
"19","Astrocyte","scale(pmi)",-0.618104348218773,0.323363258103716,-1.9114860230055,0.114168440121971,"Cain","MTGnCgG_Top20PctMostVar","Filtered","Non-neuronal"
"20","Astrocyte","factor(msex)1",1.25105825286987,0.643670061367576,1.94363281432075,0.109559853001786,"Cain","MTGnCgG_Top20PctMostVar","Unfiltered","Non-neuronal"
"21","Astrocyte","scale(pmi)",-0.417866508107896,0.391699001337477,-1.06680514037837,0.334838501215228,"Cain","MTGnCgG_Top20PctMostVar","Unfiltered","Non-neuronal"
"22","Astrocyte","(Intercept)",-0.721907368948119,0.699050820234841,-1.0326965480215,0.349085887648135,"Cain","MTGnCgG_Top20PctMostVar","Unfiltered","Non-neuronal"
"23","Astrocyte","scale(age_death)",0.409159444127279,0.499811144453572,0.81862809316627,0.450238399148911,"Cain","MTGnCgG_Top20PctMostVar","Unfiltered","Non-neuronal"
"24","Astrocyte","(Intercept)",-0.898193275600809,0.577094529318079,-1.55640580523637,0.180339349413917,"Cain","MTGnCgG_Top20PctMostVar","Filtered","Non-neuronal"
"25","Astrocyte","scale(pmi)",-0.01531871085447,0.228305441251117,-0.0670974409130295,0.94717037120323,"Mathys","MTGnCgG_Top20PctMostVar","Unfiltered","Non-neuronal"
"26","Astrocyte","factor(msex)1",1.37541637322597,0.531375488517804,2.58840763818914,0.0489311134567535,"Cain","MTGnCgG_Top20PctMostVar","Filtered","Non-neuronal"
"27","Astrocyte","(Intercept)",0.288248355370899,0.464488224318507,0.620571933322561,0.541889115096262,"Mathys","MTGnCgG_Top20PctMostVar","Unfiltered","Non-neuronal"
"28","Astrocyte","scale(age_death)",0.312639967354278,0.412614174545229,0.757705349552908,0.482788798049161,"Cain","MTGnCgG_Top20PctMostVar","Filtered","Non-neuronal"
"29","Astrocyte","factor(msex)1",-0.527065450371307,0.446546202570837,-1.18031560303706,0.251722973694479,"Mathys","MTGnCgG_Top20PctMostVar","Unfiltered","Non-neuronal"
"30","Astrocyte","scale(age_death)",0.00950537407623644,0.218679387806643,0.0434671697756953,0.965760183756874,"Mathys","MTGnCgG_Top20PctMostVar","Unfiltered","Non-neuronal"
"31","Endothelial","scale(age_death)",-0.307524328459016,0.200642822565502,-1.53269538639301,0.14101750849409,"Mathys","MTGnCgG_Top20PctMostVar","Filtered","Non-neuronal"
"32","Endothelial","scale(age_death)",-0.659923557762289,0.591985021871877,-1.11476394398559,0.315645992439653,"Cain","MTGnCgG_Top20PctMostVar","Unfiltered","Non-neuronal"
"33","Endothelial","(Intercept)",0.217726346521589,0.42617747063618,0.510881877910101,0.615027090560449,"Mathys","MTGnCgG_Top20PctMostVar","Filtered","Non-neuronal"
"34","Endothelial","factor(msex)1",-0.690801825944923,0.409715297762497,-1.68605329046163,0.107324205905776,"Mathys","MTGnCgG_Top20PctMostVar","Filtered","Non-neuronal"
"35","Endothelial","scale(age_death)",-0.419630649713011,0.236274838787941,-1.77602766280854,0.103361561803032,"Zhou","MTGnCgG_Top20PctMostVar","Unfiltered","Non-neuronal"
"36","Endothelial","LOADAD",0.17790395301871,0.440011292519063,0.404316789235591,0.690270878380088,"Mathys","MTGnCgG_Top20PctMostVar","Filtered","Non-neuronal"
"37","Endothelial","scale(age_death)",-0.384968589224503,0.237605125385745,-1.62020321994114,0.13347681136306,"Zhou","MTGnCgG_Top20PctMostVar","Filtered","Non-neuronal"
"38","Endothelial","factor(msex)1",-0.256160731894783,0.491008347763604,-0.52170341514868,0.612219812780982,"Zhou","MTGnCgG_Top20PctMostVar","Filtered","Non-neuronal"
"39","Endothelial","scale(pmi)",-0.0671225868235279,0.209474923993248,-0.320432563210723,0.751964234775504,"Mathys","MTGnCgG_Top20PctMostVar","Filtered","Non-neuronal"
"40","Endothelial","(Intercept)",-0.535639924638692,0.356559430320297,-1.5022458504534,0.161185402592627,"Zhou","MTGnCgG_Top20PctMostVar","Unfiltered","Non-neuronal"
"41","Endothelial","(Intercept)",-0.398674142832525,0.827967962896667,-0.481509141293044,0.650489434309866,"Cain","MTGnCgG_Top20PctMostVar","Unfiltered","Non-neuronal"
"42","Endothelial","(Intercept)",0.376786333236419,0.422366238201308,0.892084402486819,0.38295549781903,"Mathys","MTGnCgG_Top20PctMostVar","Unfiltered","Non-neuronal"
"43","Endothelial","scale(age_death)",-0.331308743525442,0.198848508023148,-1.66613643129208,0.111272297376509,"Mathys","MTGnCgG_Top20PctMostVar","Unfiltered","Non-neuronal"
"44","Endothelial","factor(msex)1",-0.783648433870634,0.406051283731993,-1.92992477863429,0.0679223950097575,"Mathys","MTGnCgG_Top20PctMostVar","Unfiltered","Non-neuronal"
"45","Endothelial","scale(pmi)",-0.0411052377437278,0.207601625474151,-0.19800055828005,0.845043295157228,"Mathys","MTGnCgG_Top20PctMostVar","Unfiltered","Non-neuronal"
"46","Endothelial","(Intercept)",-0.478054071552395,0.358566949334633,-1.33323518087622,0.20940740168768,"Zhou","MTGnCgG_Top20PctMostVar","Filtered","Non-neuronal"
"47","Endothelial","(Intercept)",-0.463067758974011,0.815941471897367,-0.567525704873423,0.594889979129219,"Cain","MTGnCgG_Top20PctMostVar","Filtered","Non-neuronal"
"48","Endothelial","scale(pmi)",-0.0589546688195548,0.249167412445647,-0.236606658314177,0.817310227873667,"Zhou","MTGnCgG_Top20PctMostVar","Filtered","Non-neuronal"
"49","Endothelial","LOADAD",1.14822869202588,0.468108609118316,2.45291086226457,0.0320797184564519,"Zhou","MTGnCgG_Top20PctMostVar","Filtered","Non-neuronal"
"50","Endothelial","LOADAD",0.805456688729173,1.21350121145073,0.663746093641106,0.536228508858336,"Cain","MTGnCgG_Top20PctMostVar","Filtered","Non-neuronal"
"51","Endothelial","LOADAD",-0.000992320278929322,0.436076346574465,-0.0022755654754594,0.998206907978133,"Mathys","MTGnCgG_Top20PctMostVar","Unfiltered","Non-neuronal"
"52","Endothelial","LOADAD",0.549297901476854,1.23138749606771,0.446080460643763,0.674193454694819,"Cain","MTGnCgG_Top20PctMostVar","Unfiltered","Non-neuronal"
"53","Endothelial","factor(msex)1",-0.0753071158420727,0.488259325311417,-0.154235898708214,0.880217132964193,"Zhou","MTGnCgG_Top20PctMostVar","Unfiltered","Non-neuronal"
"54","Endothelial","scale(pmi)",-0.0787586897352251,0.247772391741241,-0.317867092381609,0.756538508943948,"Zhou","MTGnCgG_Top20PctMostVar","Unfiltered","Non-neuronal"
"55","Endothelial","scale(pmi)",-0.0526638083278468,0.457196315976944,-0.115188610422886,0.912778600948552,"Cain","MTGnCgG_Top20PctMostVar","Filtered","Non-neuronal"
"56","Endothelial","LOADAD",1.12776018615894,0.465487796086542,2.42274920124709,0.0338416780463195,"Zhou","MTGnCgG_Top20PctMostVar","Unfiltered","Non-neuronal"
"57","Endothelial","scale(age_death)",-0.777200270130623,0.583386256151094,-1.33222245456762,0.240277833475057,"Cain","MTGnCgG_Top20PctMostVar","Filtered","Non-neuronal"
"58","Endothelial","factor(msex)1",0.120678829218852,0.751300309056346,0.160626619960303,0.878675531727474,"Cain","MTGnCgG_Top20PctMostVar","Filtered","Non-neuronal"
"59","Endothelial","scale(pmi)",0.00290170230774373,0.463935117188045,0.00625454336229433,0.995251504147297,"Cain","MTGnCgG_Top20PctMostVar","Unfiltered","Non-neuronal"
"60","Endothelial","factor(msex)1",0.248050384188198,0.762374027841134,0.325365732737012,0.758078461057912,"Cain","MTGnCgG_Top20PctMostVar","Unfiltered","Non-neuronal"
"61","IT","scale(age_death)",0.26553824233144,0.215743765567069,1.23080378074188,0.232675402620695,"Mathys","MTGnCgG_Top20PctMostVar","Filtered","Glutamatergic"
"62","IT","factor(msex)1",0.145765118470167,0.440551623125503,0.330869552666798,0.744184381986375,"Mathys","MTGnCgG_Top20PctMostVar","Filtered","Glutamatergic"
"63","IT","LOADAD",0.10852697613647,0.473127779634903,0.229381957280582,0.820901557718767,"Mathys","MTGnCgG_Top20PctMostVar","Filtered","Glutamatergic"
"64","IT","LOADAD",-1.16568082610219,1.076060648902,-1.08328543311349,0.328133418814409,"Cain","MTGnCgG_Top20PctMostVar","Filtered","Glutamatergic"
"65","IT","scale(age_death)",-0.141917412118213,0.289260623059308,-0.490621262642841,0.633334605238774,"Zhou","MTGnCgG_Top20PctMostVar","Filtered","Glutamatergic"
"66","IT","scale(pmi)",-0.351430515254324,0.303336558304846,-1.15854982076095,0.271173702066843,"Zhou","MTGnCgG_Top20PctMostVar","Filtered","Glutamatergic"
"67","IT","LOADAD",-0.192207282908627,0.569875703283603,-0.337279308103742,0.742254304819495,"Zhou","MTGnCgG_Top20PctMostVar","Filtered","Glutamatergic"
"68","IT","scale(pmi)",0.627647556988977,0.405414481504808,1.54816264742022,0.182262384419499,"Cain","MTGnCgG_Top20PctMostVar","Filtered","Glutamatergic"
"69","IT","scale(pmi)",-0.140763854560975,0.225240595782714,-0.624948864443457,0.539070067242493,"Mathys","MTGnCgG_Top20PctMostVar","Filtered","Glutamatergic"
"70","IT","scale(age_death)",0.138352518082426,0.215515914298216,0.641959636869247,0.528189530681475,"Mathys","MTGnCgG_Top20PctMostVar","Unfiltered","Glutamatergic"
"71","IT","factor(msex)1",0.0552209826080823,0.44008634782051,0.125477608840991,0.901398197689923,"Mathys","MTGnCgG_Top20PctMostVar","Unfiltered","Glutamatergic"
"72","IT","(Intercept)",-0.139424521593021,0.458252785418637,-0.304252425799549,0.764078634065885,"Mathys","MTGnCgG_Top20PctMostVar","Filtered","Glutamatergic"
"73","IT","factor(msex)1",0.44160572064386,0.597753858932297,0.738775189896142,0.475512007161838,"Zhou","MTGnCgG_Top20PctMostVar","Filtered","Glutamatergic"
"74","IT","(Intercept)",1.13445314761072,0.723528333907709,1.56794571054826,0.177680512966931,"Cain","MTGnCgG_Top20PctMostVar","Filtered","Glutamatergic"
"75","IT","scale(age_death)",0.287646058595595,0.517312209852657,0.556039569755223,0.602147521159967,"Cain","MTGnCgG_Top20PctMostVar","Filtered","Glutamatergic"
"76","IT","factor(msex)1",-1.10322546911925,0.6662083980262,-1.65597652684628,0.158628930256523,"Cain","MTGnCgG_Top20PctMostVar","Filtered","Glutamatergic"
"77","IT","(Intercept)",-0.0694985037871336,0.436519620545331,-0.159210492532526,0.876388635547692,"Zhou","MTGnCgG_Top20PctMostVar","Filtered","Glutamatergic"
"78","IT","(Intercept)",-0.280494520834494,0.457768815565145,-0.61274274545811,0.546951337086689,"Mathys","MTGnCgG_Top20PctMostVar","Unfiltered","Glutamatergic"
"79","IT","scale(age_death)",-0.0934798339957584,0.297691143256351,-0.314016174526428,0.759383676837162,"Zhou","MTGnCgG_Top20PctMostVar","Unfiltered","Glutamatergic"
"80","IT","factor(msex)1",-0.351853095363008,0.615175435112599,-0.571955697968672,0.578852648726651,"Zhou","MTGnCgG_Top20PctMostVar","Unfiltered","Glutamatergic"
"81","IT","scale(pmi)",-0.147230844275491,0.225002714723155,-0.654351412855818,0.520339853194342,"Mathys","MTGnCgG_Top20PctMostVar","Unfiltered","Glutamatergic"
"82","IT","LOADAD",0.396856951847835,0.47262810000506,0.839681245875111,0.411012531009481,"Mathys","MTGnCgG_Top20PctMostVar","Unfiltered","Glutamatergic"
"83","IT","LOADAD",-0.7349240543507,1.26739551842349,-0.579869538488563,0.587149752714005,"Cain","MTGnCgG_Top20PctMostVar","Unfiltered","Glutamatergic"
"84","IT","(Intercept)",0.166401834615984,0.44924201406883,0.370405771065056,0.718113691274392,"Zhou","MTGnCgG_Top20PctMostVar","Unfiltered","Glutamatergic"
"85","IT","(Intercept)",0.839391296687571,0.852179260325833,0.984993810300696,0.369860130646809,"Cain","MTGnCgG_Top20PctMostVar","Unfiltered","Glutamatergic"
"86","IT","scale(pmi)",-0.198966963430717,0.312177322575641,-0.637352392509252,0.536935233611408,"Zhou","MTGnCgG_Top20PctMostVar","Unfiltered","Glutamatergic"
"87","IT","LOADAD",-0.068913847709711,0.58648476875378,-0.117503218124736,0.908579367206028,"Zhou","MTGnCgG_Top20PctMostVar","Unfiltered","Glutamatergic"
"88","IT","scale(pmi)",0.369773639196904,0.477501428462672,0.774392739279127,0.473707147735625,"Cain","MTGnCgG_Top20PctMostVar","Unfiltered","Glutamatergic"
"89","IT","scale(age_death)",0.12032981086236,0.609295746538092,0.197489989953241,0.851221687925147,"Cain","MTGnCgG_Top20PctMostVar","Unfiltered","Glutamatergic"
"90","IT","factor(msex)1",-0.943858539024441,0.784667238650592,-1.20287746516296,0.28287028729842,"Cain","MTGnCgG_Top20PctMostVar","Unfiltered","Glutamatergic"
"91","L5/6 IT Car3","scale(age_death)",-0.504795210757315,0.267348014499496,-1.8881576947648,0.0856486386765978,"Zhou","MTGnCgG_Top20PctMostVar","Filtered","Glutamatergic"
"92","L5/6 IT Car3","factor(msex)1",0.560824774883221,0.432197188255659,1.29761319629751,0.209188155161695,"Mathys","MTGnCgG_Top20PctMostVar","Filtered","Glutamatergic"
"93","L5/6 IT Car3","(Intercept)",-0.601827600512902,0.449562673184925,-1.33869566227387,0.195689125326731,"Mathys","MTGnCgG_Top20PctMostVar","Filtered","Glutamatergic"
"94","L5/6 IT Car3","(Intercept)",-0.174560683638494,0.403451574599352,-0.432668242308488,0.673616490557993,"Zhou","MTGnCgG_Top20PctMostVar","Filtered","Glutamatergic"
"95","L5/6 IT Car3","scale(pmi)",0.186673915813727,0.220969228277218,0.844795980278005,0.408217412900073,"Mathys","MTGnCgG_Top20PctMostVar","Filtered","Glutamatergic"
"96","L5/6 IT Car3","scale(age_death)",0.0910954799749426,0.211652491937846,0.430401169109286,0.671506246435203,"Mathys","MTGnCgG_Top20PctMostVar","Filtered","Glutamatergic"
"97","L5/6 IT Car3","factor(msex)1",0.480158460425426,0.436476793761373,1.10007786734232,0.284363515354011,"Mathys","MTGnCgG_Top20PctMostVar","Unfiltered","Glutamatergic"
"98","L5/6 IT Car3","scale(pmi)",0.199494760004183,0.223157259924868,0.893964910984064,0.3819726449424,"Mathys","MTGnCgG_Top20PctMostVar","Unfiltered","Glutamatergic"
"99","L5/6 IT Car3","factor(msex)1",-0.168304018924075,0.552471697166314,-0.304638264344263,0.766327834010336,"Zhou","MTGnCgG_Top20PctMostVar","Filtered","Glutamatergic"
"100","L5/6 IT Car3","scale(pmi)",-0.0811712270660494,0.280357643325977,-0.289527426836265,0.777562078816785,"Zhou","MTGnCgG_Top20PctMostVar","Filtered","Glutamatergic"
"101","L5/6 IT Car3","scale(age_death)",-0.474885354490507,0.626385510503374,-0.758135918739373,0.482552906591519,"Cain","MTGnCgG_Top20PctMostVar","Filtered","Glutamatergic"
"102","L5/6 IT Car3","LOADAD",0.519737044638993,0.464155584294818,1.11974747740808,0.276089004928889,"Mathys","MTGnCgG_Top20PctMostVar","Filtered","Glutamatergic"
"103","L5/6 IT Car3","LOADAD",0.444898516199951,0.468751641020854,0.949113511861089,0.353891592433605,"Mathys","MTGnCgG_Top20PctMostVar","Unfiltered","Glutamatergic"
"104","L5/6 IT Car3","scale(age_death)",0.118511821826992,0.213748269500516,0.554445760444885,0.585421156627723,"Mathys","MTGnCgG_Top20PctMostVar","Unfiltered","Glutamatergic"
"105","L5/6 IT Car3","scale(age_death)",-0.29356321448537,0.291996764543031,-1.00536461403876,0.336324846990448,"Zhou","MTGnCgG_Top20PctMostVar","Unfiltered","Glutamatergic"
"106","L5/6 IT Car3","factor(msex)1",-0.0161871546437263,0.603408064863205,-0.0268262152700859,0.979078839053159,"Zhou","MTGnCgG_Top20PctMostVar","Unfiltered","Glutamatergic"
"107","L5/6 IT Car3","LOADAD",1.10451397649991,1.30294392062977,0.847706458437638,0.435291445360911,"Cain","MTGnCgG_Top20PctMostVar","Filtered","Glutamatergic"
"108","L5/6 IT Car3","(Intercept)",-0.268333634108465,0.87608151550786,-0.306288432478699,0.771728642266009,"Cain","MTGnCgG_Top20PctMostVar","Filtered","Glutamatergic"
"109","L5/6 IT Car3","LOADAD",0.851132608132752,1.32871585660036,0.640567811323071,0.550003069147178,"Cain","MTGnCgG_Top20PctMostVar","Unfiltered","Glutamatergic"
"110","L5/6 IT Car3","(Intercept)",-0.234636681718338,0.44064869774084,-0.532480143300765,0.604982580853253,"Zhou","MTGnCgG_Top20PctMostVar","Unfiltered","Glutamatergic"
"111","L5/6 IT Car3","scale(pmi)",-0.0809926923522302,0.306205845288776,-0.264504070050811,0.796281937035136,"Zhou","MTGnCgG_Top20PctMostVar","Unfiltered","Glutamatergic"
"112","L5/6 IT Car3","LOADAD",0.481413729419471,0.575266207306683,0.836853830982675,0.420483788101988,"Zhou","MTGnCgG_Top20PctMostVar","Unfiltered","Glutamatergic"
"113","L5/6 IT Car3","(Intercept)",-0.515211111372173,0.454014231278329,-1.13479066486867,0.269880977436498,"Mathys","MTGnCgG_Top20PctMostVar","Unfiltered","Glutamatergic"
"114","L5/6 IT Car3","scale(pmi)",0.0623487221439955,0.500604357775293,0.12454690251015,0.90573459154541,"Cain","MTGnCgG_Top20PctMostVar","Unfiltered","Glutamatergic"
"115","L5/6 IT Car3","LOADAD",0.475349381470045,0.526705419400058,0.90249571005267,0.386129507756651,"Zhou","MTGnCgG_Top20PctMostVar","Filtered","Glutamatergic"
"116","L5/6 IT Car3","scale(pmi)",-0.0507370628005569,0.490894574158958,-0.103356332441612,0.921697711408696,"Cain","MTGnCgG_Top20PctMostVar","Filtered","Glutamatergic"
"117","L5/6 IT Car3","factor(msex)1",-0.564189910176486,0.82263175701201,-0.685835314972223,0.523316762625578,"Cain","MTGnCgG_Top20PctMostVar","Unfiltered","Glutamatergic"
"118","L5/6 IT Car3","(Intercept)",-0.143471348978133,0.893410209678959,-0.160588436782795,0.878704076834798,"Cain","MTGnCgG_Top20PctMostVar","Unfiltered","Glutamatergic"
"119","L5/6 IT Car3","scale(age_death)",-0.387207253264257,0.638775274186983,-0.606171323329765,0.570864906327224,"Cain","MTGnCgG_Top20PctMostVar","Unfiltered","Glutamatergic"
"120","L5/6 IT Car3","factor(msex)1",-0.567846708282982,0.806675890403079,-0.70393415129742,0.512895988243468,"Cain","MTGnCgG_Top20PctMostVar","Filtered","Glutamatergic"
"121","L5/6 NP","scale(age_death)",0.117935998579102,0.225024822515363,0.524102173532654,0.605967709645128,"Mathys","MTGnCgG_Top20PctMostVar","Unfiltered","Glutamatergic"
"122","L5/6 NP","scale(age_death)",0.0694972936441521,0.226061727984888,0.307426180732362,0.76169735907942,"Mathys","MTGnCgG_Top20PctMostVar","Filtered","Glutamatergic"
"123","L5/6 NP","factor(msex)1",0.0288467845237441,0.461621038867691,0.0624901858773644,0.950792787596546,"Mathys","MTGnCgG_Top20PctMostVar","Filtered","Glutamatergic"
"124","L5/6 NP","scale(age_death)",0.0243201599350605,0.274787528363664,0.0885053265695316,0.931065828585104,"Zhou","MTGnCgG_Top20PctMostVar","Unfiltered","Glutamatergic"
"125","L5/6 NP","(Intercept)",0.0573969457089365,0.480168760628313,0.119534943576569,0.906044138617314,"Mathys","MTGnCgG_Top20PctMostVar","Filtered","Glutamatergic"
"126","L5/6 NP","scale(age_death)",-0.00229751853753824,0.28500043391456,-0.00806145627914032,0.993712303542672,"Zhou","MTGnCgG_Top20PctMostVar","Filtered","Glutamatergic"
"127","L5/6 NP","factor(msex)1",0.817339281541755,0.588950225468046,1.38779008173773,0.192669395103745,"Zhou","MTGnCgG_Top20PctMostVar","Filtered","Glutamatergic"
"128","L5/6 NP","scale(pmi)",-0.00696497132275524,0.236012744846417,-0.0295109966509971,0.976749551879073,"Mathys","MTGnCgG_Top20PctMostVar","Filtered","Glutamatergic"
"129","L5/6 NP","LOADAD",-0.111317816063021,0.495755152603329,-0.224541924533643,0.82461376063181,"Mathys","MTGnCgG_Top20PctMostVar","Filtered","Glutamatergic"
"130","L5/6 NP","LOADAD",0.302811169098682,1.40144954827012,0.216069975171391,0.837471522259533,"Cain","MTGnCgG_Top20PctMostVar","Filtered","Glutamatergic"
"131","L5/6 NP","(Intercept)",0.0612062205134735,0.477966310799107,0.12805551171827,0.899383928291348,"Mathys","MTGnCgG_Top20PctMostVar","Unfiltered","Glutamatergic"
"132","L5/6 NP","(Intercept)",-0.310168978199263,0.414678452750556,-0.747974668425418,0.470164859771759,"Zhou","MTGnCgG_Top20PctMostVar","Unfiltered","Glutamatergic"
"133","L5/6 NP","factor(msex)1",-0.0596012711010666,0.459503664182838,-0.129707934336191,0.898093157832466,"Mathys","MTGnCgG_Top20PctMostVar","Unfiltered","Glutamatergic"
"134","L5/6 NP","scale(pmi)",-0.0256567022794355,0.23493019580908,-0.109209896118615,0.914124339047478,"Mathys","MTGnCgG_Top20PctMostVar","Unfiltered","Glutamatergic"
"135","L5/6 NP","(Intercept)",-0.288169896747791,0.430090621916866,-0.67002134448654,0.516663000824318,"Zhou","MTGnCgG_Top20PctMostVar","Filtered","Glutamatergic"
"136","L5/6 NP","(Intercept)",-0.335403362780024,0.942315340450609,-0.355935373629423,0.736414121057542,"Cain","MTGnCgG_Top20PctMostVar","Filtered","Glutamatergic"
"137","L5/6 NP","scale(pmi)",-0.276411003577079,0.2988690607961,-0.924856533629811,0.374884479358697,"Zhou","MTGnCgG_Top20PctMostVar","Filtered","Glutamatergic"
"138","L5/6 NP","LOADAD",-0.0366646676607352,0.561482655314238,-0.0652997333287447,0.949107000659573,"Zhou","MTGnCgG_Top20PctMostVar","Filtered","Glutamatergic"
"139","L5/6 NP","scale(pmi)",0.148860460814193,0.528007359572929,0.281928761247942,0.789294818413005,"Cain","MTGnCgG_Top20PctMostVar","Filtered","Glutamatergic"
"140","L5/6 NP","LOADAD",-0.0509337662265021,0.493481210729746,-0.10321318242529,0.918821710521398,"Mathys","MTGnCgG_Top20PctMostVar","Unfiltered","Glutamatergic"
"141","L5/6 NP","LOADAD",0.150997168976288,1.36564242763371,0.110568598280829,0.916259493212617,"Cain","MTGnCgG_Top20PctMostVar","Unfiltered","Glutamatergic"
"142","L5/6 NP","factor(msex)1",0.887291620379594,0.567845369786714,1.56255851960696,0.146449146831141,"Zhou","MTGnCgG_Top20PctMostVar","Unfiltered","Glutamatergic"
"143","L5/6 NP","scale(pmi)",-0.378808020914744,0.288159177137079,-1.31457906244139,0.215400440232039,"Zhou","MTGnCgG_Top20PctMostVar","Unfiltered","Glutamatergic"
"144","L5/6 NP","scale(age_death)",-0.0668137466999267,0.656527587760607,-0.101768376448317,0.922895731566775,"Cain","MTGnCgG_Top20PctMostVar","Unfiltered","Glutamatergic"
"145","L5/6 NP","LOADAD",-0.0451307588861698,0.541362091817449,-0.0833651996848501,0.935058905911382,"Zhou","MTGnCgG_Top20PctMostVar","Unfiltered","Glutamatergic"
"146","L5/6 NP","scale(age_death)",-0.0911689214032307,0.673741729662164,-0.135317314320052,0.897639868734535,"Cain","MTGnCgG_Top20PctMostVar","Filtered","Glutamatergic"
"147","L5/6 NP","factor(msex)1",0.367995556461366,0.867662486701165,0.424122930404053,0.689104925783835,"Cain","MTGnCgG_Top20PctMostVar","Filtered","Glutamatergic"
"148","L5/6 NP","scale(pmi)",0.314572603667989,0.514516739632685,0.61139430350228,0.567665130394645,"Cain","MTGnCgG_Top20PctMostVar","Unfiltered","Glutamatergic"
"149","L5/6 NP","(Intercept)",-0.178172540230431,0.918239126565705,-0.194037190395939,0.853783733640835,"Cain","MTGnCgG_Top20PctMostVar","Unfiltered","Glutamatergic"
"150","L5/6 NP","factor(msex)1",0.205347911484575,0.84549365774022,0.242873390716395,0.817752274735016,"Cain","MTGnCgG_Top20PctMostVar","Unfiltered","Glutamatergic"
"151","L6 CT","factor(msex)1",0.0820821275142586,0.446172085463784,0.183969661456826,0.855889717839297,"Mathys","MTGnCgG_Top20PctMostVar","Filtered","Glutamatergic"
"152","L6 CT","scale(pmi)",-0.0520912711965456,0.228114166595296,-0.228356142777236,0.821687978435808,"Mathys","MTGnCgG_Top20PctMostVar","Filtered","Glutamatergic"
"153","L6 CT","scale(age_death)",-0.076774896643849,0.277384157948538,-0.276781836467001,0.787079434960159,"Zhou","MTGnCgG_Top20PctMostVar","Filtered","Glutamatergic"
"154","L6 CT","factor(msex)1",-0.522465281408446,0.573211275931008,-0.911470697361736,0.381588094213358,"Zhou","MTGnCgG_Top20PctMostVar","Filtered","Glutamatergic"
"155","L6 CT","scale(age_death)",-0.194040324172697,0.218496177873455,-0.888071938196913,0.385058193807097,"Mathys","MTGnCgG_Top20PctMostVar","Filtered","Glutamatergic"
"156","L6 CT","LOADAD",1.80943106735454,1.07457608682743,1.68385569857291,0.153028873678729,"Cain","MTGnCgG_Top20PctMostVar","Filtered","Glutamatergic"
"157","L6 CT","(Intercept)",-0.000526021796763448,0.418596994268921,-0.00125663061122105,0.999019854147852,"Zhou","MTGnCgG_Top20PctMostVar","Filtered","Glutamatergic"
"158","L6 CT","LOADAD",0.371684287133583,0.479163841533318,0.775693520496451,0.447005956703147,"Mathys","MTGnCgG_Top20PctMostVar","Filtered","Glutamatergic"
"159","L6 CT","LOADAD",0.392901004649862,0.546477741832984,0.71896982177536,0.487152198458775,"Zhou","MTGnCgG_Top20PctMostVar","Filtered","Glutamatergic"
"160","L6 CT","(Intercept)",-0.277277364972338,0.464099075357568,-0.597452957127113,0.556909635368922,"Mathys","MTGnCgG_Top20PctMostVar","Filtered","Glutamatergic"
"161","L6 CT","scale(pmi)",-0.642464973374321,0.404855160834231,-1.58690078706291,0.173396363769916,"Cain","MTGnCgG_Top20PctMostVar","Filtered","Glutamatergic"
"162","L6 CT","scale(pmi)",-0.230910388140461,0.290882163325582,-0.793827938779474,0.444083284810937,"Zhou","MTGnCgG_Top20PctMostVar","Filtered","Glutamatergic"
"163","L6 CT","scale(age_death)",-0.672009813027835,0.51659851208084,-1.30083575022507,0.250035869265946,"Cain","MTGnCgG_Top20PctMostVar","Filtered","Glutamatergic"
"164","L6 CT","factor(msex)1",-0.477103969174256,0.665289279087614,-0.717137618433537,0.505384572336121,"Cain","MTGnCgG_Top20PctMostVar","Filtered","Glutamatergic"
"165","L6 CT","scale(pmi)",-0.0189868577814933,0.229390986664252,-0.0827707228500802,0.934856663145042,"Mathys","MTGnCgG_Top20PctMostVar","Unfiltered","Glutamatergic"
"166","L6 CT","(Intercept)",-0.666163549090139,0.722530134851275,-0.92198721819023,0.398840433561078,"Cain","MTGnCgG_Top20PctMostVar","Filtered","Glutamatergic"
"167","L6 CT","scale(age_death)",-0.171224085673831,0.219719163315626,-0.779286080877103,0.444935181890335,"Mathys","MTGnCgG_Top20PctMostVar","Unfiltered","Glutamatergic"
"168","L6 CT","factor(msex)1",0.00684467675286867,0.448669437914231,0.0152555003182034,0.987979503579289,"Mathys","MTGnCgG_Top20PctMostVar","Unfiltered","Glutamatergic"
"169","L6 CT","factor(msex)1",-0.57389659305679,0.508035990640829,-1.12963767061638,0.28266054688426,"Zhou","MTGnCgG_Top20PctMostVar","Unfiltered","Glutamatergic"
"170","L6 CT","LOADAD",0.387310490403151,0.48184585825468,0.803805789274705,0.430959840362875,"Mathys","MTGnCgG_Top20PctMostVar","Unfiltered","Glutamatergic"
"171","L6 CT","LOADAD",1.58028274071807,0.993025345751623,1.59138208050666,0.172398447557765,"Cain","MTGnCgG_Top20PctMostVar","Unfiltered","Glutamatergic"
"172","L6 CT","scale(age_death)",0.179342668915357,0.245845016294514,0.729494832225968,0.480944570019853,"Zhou","MTGnCgG_Top20PctMostVar","Unfiltered","Glutamatergic"
"173","L6 CT","(Intercept)",-0.162679598172838,0.371001666562263,-0.438487513223979,0.669520205390764,"Zhou","MTGnCgG_Top20PctMostVar","Unfiltered","Glutamatergic"
"174","L6 CT","scale(pmi)",-0.132229568099452,0.257808271068705,-0.512898859106865,0.618164885038305,"Zhou","MTGnCgG_Top20PctMostVar","Unfiltered","Glutamatergic"
"175","L6 CT","(Intercept)",-0.251164158699393,0.466696770284827,-0.538174195090544,0.596395875712627,"Mathys","MTGnCgG_Top20PctMostVar","Unfiltered","Glutamatergic"
"176","L6 CT","scale(pmi)",-0.766606077992238,0.374130264943543,-2.04903518860716,0.0957604181205943,"Cain","MTGnCgG_Top20PctMostVar","Unfiltered","Glutamatergic"
"177","L6 CT","(Intercept)",-0.526189448751151,0.667696541707876,-0.788066757699884,0.466358512743089,"Cain","MTGnCgG_Top20PctMostVar","Unfiltered","Glutamatergic"
"178","L6 CT","LOADAD",0.755781641138268,0.484342113620073,1.56042933266612,0.146948714519555,"Zhou","MTGnCgG_Top20PctMostVar","Unfiltered","Glutamatergic"
"179","L6 CT","factor(msex)1",-0.527903843215764,0.614799756377721,-0.858659811978569,0.429760111838326,"Cain","MTGnCgG_Top20PctMostVar","Unfiltered","Glutamatergic"
"180","L6 CT","scale(age_death)",-0.694228203219706,0.477393292445596,-1.45420602720098,0.205637017840106,"Cain","MTGnCgG_Top20PctMostVar","Unfiltered","Glutamatergic"
"181","L6b","scale(age_death)",0.0108499985815529,0.195088785639508,0.0556156959303745,0.956199810173913,"Mathys","MTGnCgG_Top20PctMostVar","Filtered","Glutamatergic"
"182","L6b","factor(msex)1",0.633098745567673,0.397919753435471,1.5910211546468,0.127287930347148,"Mathys","MTGnCgG_Top20PctMostVar","Unfiltered","Glutamatergic"
"183","L6b","(Intercept)",-0.26113343191688,0.797439862540712,-0.327464733309025,0.756582554834329,"Cain","MTGnCgG_Top20PctMostVar","Filtered","Glutamatergic"
"184","L6b","scale(age_death)",0.0521609260281861,0.194866393614971,0.267675329032101,0.791690310936621,"Mathys","MTGnCgG_Top20PctMostVar","Unfiltered","Glutamatergic"
"185","L6b","factor(msex)1",-0.711455920331858,0.734264448879547,-0.968936901980622,0.377078011163553,"Cain","MTGnCgG_Top20PctMostVar","Filtered","Glutamatergic"
"186","L6b","(Intercept)",-0.401764191082019,0.414380360833424,-0.969554132039388,0.343848786917138,"Mathys","MTGnCgG_Top20PctMostVar","Filtered","Glutamatergic"
"187","L6b","LOADAD",0.0860569296277803,0.42734353826716,0.201376461609162,0.842438217434667,"Mathys","MTGnCgG_Top20PctMostVar","Unfiltered","Glutamatergic"
"188","L6b","scale(age_death)",-0.372125332101642,0.570157875210669,-0.652670686981469,0.542781753831369,"Cain","MTGnCgG_Top20PctMostVar","Filtered","Glutamatergic"
"189","L6b","(Intercept)",-0.234214137651374,0.804506038961548,-0.291127880101057,0.782643782501307,"Cain","MTGnCgG_Top20PctMostVar","Unfiltered","Glutamatergic"
"190","L6b","scale(age_death)",-0.343679997226472,0.575210088328197,-0.597486038927708,0.576210903529276,"Cain","MTGnCgG_Top20PctMostVar","Unfiltered","Glutamatergic"
"191","L6b","scale(pmi)",0.372916762253345,0.203444222272184,1.83301721763534,0.0817295407329491,"Mathys","MTGnCgG_Top20PctMostVar","Unfiltered","Glutamatergic"
"192","L6b","scale(pmi)",0.00636098666182467,0.450788702208152,0.014110794327067,0.989287322755984,"Cain","MTGnCgG_Top20PctMostVar","Unfiltered","Glutamatergic"
"193","L6b","LOADAD",1.16907096708452,1.19649397233,0.977080532054768,0.37340303881581,"Cain","MTGnCgG_Top20PctMostVar","Unfiltered","Glutamatergic"
"194","L6b","factor(msex)1",0.655447539825387,0.398373880891357,1.64530751453592,0.115532443509521,"Mathys","MTGnCgG_Top20PctMostVar","Filtered","Glutamatergic"
"195","L6b","scale(pmi)",0.366928801740225,0.203676403776815,1.8015282818048,0.0867160950024236,"Mathys","MTGnCgG_Top20PctMostVar","Filtered","Glutamatergic"
"196","L6b","scale(pmi)",-0.0238130383628448,0.446829313037582,-0.0532933665451845,0.959561930765882,"Cain","MTGnCgG_Top20PctMostVar","Filtered","Glutamatergic"
"197","L6b","(Intercept)",-0.358963832834262,0.413907986744508,-0.86725514928476,0.396088652078631,"Mathys","MTGnCgG_Top20PctMostVar","Unfiltered","Glutamatergic"
"198","L6b","factor(msex)1",-0.700642691781772,0.740770823064054,-0.94582922270575,0.387666154356476,"Cain","MTGnCgG_Top20PctMostVar","Unfiltered","Glutamatergic"
"199","L6b","LOADAD",1.23372278416562,1.18598486850045,1.0402517071955,0.345886743694602,"Cain","MTGnCgG_Top20PctMostVar","Filtered","Glutamatergic"
"200","L6b","LOADAD",0.136170893696614,0.427831245731157,0.318281787633113,0.753570857045139,"Mathys","MTGnCgG_Top20PctMostVar","Filtered","Glutamatergic"
"201","LAMP5","factor(msex)1",0.693656560475026,0.554759041670053,1.25037450203035,0.237107573849666,"Zhou","MTGnCgG_Top20PctMostVar","Filtered","GABAergic"
"202","LAMP5","scale(pmi)",-0.470258528945645,0.281518380641267,-1.6704363241734,0.123009606558567,"Zhou","MTGnCgG_Top20PctMostVar","Filtered","GABAergic"
"203","LAMP5","factor(msex)1",0.154923584466109,0.321730394742261,0.481532323329968,0.635365015111441,"Mathys","MTGnCgG_Top20PctMostVar","Filtered","GABAergic"
"204","LAMP5","scale(pmi)",-0.341776249431109,0.164490929074413,-2.07778174367594,0.0508220486454999,"Mathys","MTGnCgG_Top20PctMostVar","Filtered","GABAergic"
"205","LAMP5","(Intercept)",0.00115270285816934,0.405121945672509,0.00284532316869636,0.997780709484125,"Zhou","MTGnCgG_Top20PctMostVar","Filtered","GABAergic"
"206","LAMP5","scale(age_death)",-0.0529716626457013,0.268454889321659,-0.197320535973667,0.847175505334479,"Zhou","MTGnCgG_Top20PctMostVar","Filtered","GABAergic"
"207","LAMP5","scale(age_death)",0.238089273628025,0.158655615807725,1.50066716778916,0.149064220115674,"Mathys","MTGnCgG_Top20PctMostVar","Unfiltered","GABAergic"
"208","LAMP5","factor(msex)1",0.221300701810777,0.323976866160429,0.683075629545695,0.502395874361888,"Mathys","MTGnCgG_Top20PctMostVar","Unfiltered","GABAergic"
"209","LAMP5","scale(pmi)",-0.337925900046842,0.16563948133044,-2.04012894348963,0.0547641956294334,"Mathys","MTGnCgG_Top20PctMostVar","Unfiltered","GABAergic"
"210","LAMP5","scale(age_death)",0.172616051864863,0.157555490016436,1.09558893724907,0.286276971077088,"Mathys","MTGnCgG_Top20PctMostVar","Filtered","GABAergic"
"211","LAMP5","scale(age_death)",0.558967288307498,0.620320116522582,0.90109489184549,0.408841664126662,"Cain","MTGnCgG_Top20PctMostVar","Filtered","GABAergic"
"212","LAMP5","factor(msex)1",0.554873221304203,0.798864715003813,0.694577205480349,0.518265535147873,"Cain","MTGnCgG_Top20PctMostVar","Filtered","GABAergic"
"213","LAMP5","scale(pmi)",0.062671043961846,0.48614116121217,0.128915321232168,0.902449788353834,"Cain","MTGnCgG_Top20PctMostVar","Filtered","GABAergic"
"214","LAMP5","LOADAD",-1.18395469702495,1.29032730022432,-0.917561534053507,0.40094266859763,"Cain","MTGnCgG_Top20PctMostVar","Filtered","GABAergic"
"215","LAMP5","(Intercept)",0.797018801101796,0.336994108150009,2.36508230211257,0.0282456131020394,"Mathys","MTGnCgG_Top20PctMostVar","Unfiltered","GABAergic"
"216","LAMP5","(Intercept)",0.44061217813626,0.801057605556191,0.550038068523591,0.60596053155431,"Cain","MTGnCgG_Top20PctMostVar","Unfiltered","GABAergic"
"217","LAMP5","scale(age_death)",0.724084753361332,0.572744508720802,1.26423691949232,0.261874385917954,"Cain","MTGnCgG_Top20PctMostVar","Unfiltered","GABAergic"
"218","LAMP5","factor(msex)1",0.661648177887663,0.73759558418671,0.897033811037808,0.410808484350785,"Cain","MTGnCgG_Top20PctMostVar","Unfiltered","GABAergic"
"219","LAMP5","scale(pmi)",0.271866672311413,0.448856442232256,0.605687357319333,0.571161975398007,"Cain","MTGnCgG_Top20PctMostVar","Unfiltered","GABAergic"
"220","LAMP5","LOADAD",-1.54287253416018,1.19136532247074,-1.29504569678128,0.251875458879481,"Cain","MTGnCgG_Top20PctMostVar","Unfiltered","GABAergic"
"221","LAMP5","LOADAD",-0.522547826072609,0.52888608630541,-0.988015831013672,0.344379691303916,"Zhou","MTGnCgG_Top20PctMostVar","Filtered","GABAergic"
"222","LAMP5","(Intercept)",0.869992072044561,0.334657374539914,2.59965008462946,0.0171399154545234,"Mathys","MTGnCgG_Top20PctMostVar","Filtered","GABAergic"
"223","LAMP5","(Intercept)",0.31454073786037,0.867598274018806,0.3625419128641,0.731767516243825,"Cain","MTGnCgG_Top20PctMostVar","Filtered","GABAergic"
"224","LAMP5","(Intercept)",-0.0706869672123044,0.405375404914791,-0.174374089684012,0.864739351276067,"Zhou","MTGnCgG_Top20PctMostVar","Unfiltered","GABAergic"
"225","LAMP5","scale(age_death)",-0.109911392267416,0.2686228446091,-0.409166213794509,0.690271499187838,"Zhou","MTGnCgG_Top20PctMostVar","Unfiltered","GABAergic"
"226","LAMP5","factor(msex)1",0.751723411083739,0.555106119402702,1.35419766565103,0.202838465256254,"Zhou","MTGnCgG_Top20PctMostVar","Unfiltered","GABAergic"
"227","LAMP5","scale(pmi)",-0.443645978355666,0.281694508931052,-1.57491880136099,0.14357824065333,"Zhou","MTGnCgG_Top20PctMostVar","Unfiltered","GABAergic"
"228","LAMP5","LOADAD",-0.422418623888195,0.529216976962211,-0.798195527121871,0.441648904709948,"Zhou","MTGnCgG_Top20PctMostVar","Unfiltered","GABAergic"
"229","LAMP5","LOADAD",-1.47555530091921,0.345520432374171,-4.27052979408551,0.000373733490788323,"Mathys","MTGnCgG_Top20PctMostVar","Filtered","GABAergic"
"230","LAMP5","LOADAD",-1.41131740307964,0.347933016912054,-4.05629053432539,0.000616754245976698,"Mathys","MTGnCgG_Top20PctMostVar","Unfiltered","GABAergic"
"231","Microglia","scale(age_death)",-0.0702041473852716,0.292802750677419,-0.239766010472407,0.81492089701293,"Zhou","MTGnCgG_Top20PctMostVar","Unfiltered","Non-neuronal"
"232","Microglia","scale(pmi)",-0.192533448449156,0.307051052138782,-0.627040510390872,0.54342788374412,"Zhou","MTGnCgG_Top20PctMostVar","Unfiltered","Non-neuronal"
"233","Microglia","LOADAD",0.353988612424741,0.576854089923795,0.613653640683218,0.551922761424186,"Zhou","MTGnCgG_Top20PctMostVar","Unfiltered","Non-neuronal"
"234","Microglia","LOADAD",0.285140577184634,0.483083887188027,0.590250647448424,0.561633282444662,"Mathys","MTGnCgG_Top20PctMostVar","Filtered","Non-neuronal"
"235","Microglia","factor(msex)1",-0.307379398546941,0.605073626241662,-0.508003299459916,0.621482922894652,"Zhou","MTGnCgG_Top20PctMostVar","Unfiltered","Non-neuronal"
"236","Microglia","(Intercept)",0.0465367173543846,0.435564423855293,0.106842328724821,0.916837758103399,"Zhou","MTGnCgG_Top20PctMostVar","Filtered","Non-neuronal"
"237","Microglia","scale(age_death)",-0.0376509189846182,0.288627660010914,-0.130448062334686,0.898566963102617,"Zhou","MTGnCgG_Top20PctMostVar","Filtered","Non-neuronal"
"238","Microglia","factor(msex)1",-0.436077785913289,0.596445847835806,-0.73112720542123,0.479986218206605,"Zhou","MTGnCgG_Top20PctMostVar","Filtered","Non-neuronal"
"239","Microglia","scale(pmi)",-0.217992435547608,0.302672794151248,-0.72022474355153,0.486409462974886,"Zhou","MTGnCgG_Top20PctMostVar","Filtered","Non-neuronal"
"240","Microglia","LOADAD",0.233984904726198,0.568628695451905,0.411489793951118,0.688617031308927,"Zhou","MTGnCgG_Top20PctMostVar","Filtered","Non-neuronal"
"241","Microglia","LOADAD",0.132711113860669,0.492013085413327,0.269730862440746,0.790130738666349,"Mathys","MTGnCgG_Top20PctMostVar","Unfiltered","Non-neuronal"
"242","Microglia","(Intercept)",-0.0617270317572677,0.441865001425132,-0.139696585061459,0.891424704202693,"Zhou","MTGnCgG_Top20PctMostVar","Unfiltered","Non-neuronal"
"243","Microglia","scale(age_death)",-0.105388275939803,0.701003269056566,-0.150339207521297,0.886373631948508,"Cain","MTGnCgG_Top20PctMostVar","Filtered","Non-neuronal"
"244","Microglia","factor(msex)1",-0.121236781050979,0.902770620902842,-0.134294114411624,0.898408286783724,"Cain","MTGnCgG_Top20PctMostVar","Filtered","Non-neuronal"
"245","Microglia","scale(pmi)",-0.0328043203418548,0.549372064770497,-0.0597123924667684,0.954697853694649,"Cain","MTGnCgG_Top20PctMostVar","Filtered","Non-neuronal"
"246","Microglia","LOADAD",0.408166392779714,1.45815625113175,0.279919516487287,0.790750253821002,"Cain","MTGnCgG_Top20PctMostVar","Filtered","Non-neuronal"
"247","Microglia","scale(pmi)",-0.0923985698064824,0.229980371575784,-0.401767199406559,0.692116300575847,"Mathys","MTGnCgG_Top20PctMostVar","Filtered","Non-neuronal"
"248","Microglia","factor(msex)1",0.0498111593177654,0.45813662335594,0.108725556478958,0.914503616591597,"Mathys","MTGnCgG_Top20PctMostVar","Unfiltered","Non-neuronal"
"249","Microglia","(Intercept)",-0.0794289609594458,0.984429956524529,-0.0806852335537055,0.938822325048632,"Cain","MTGnCgG_Top20PctMostVar","Unfiltered","Non-neuronal"
"250","Microglia","(Intercept)",-0.108844469343356,0.47654434289836,-0.22840365427771,0.821651550401308,"Mathys","MTGnCgG_Top20PctMostVar","Unfiltered","Non-neuronal"
"251","Microglia","scale(age_death)",-0.107122893862109,0.224355365134668,-0.477469722187427,0.638204199079095,"Mathys","MTGnCgG_Top20PctMostVar","Unfiltered","Non-neuronal"
"252","Microglia","(Intercept)",-0.143464805864368,0.980444145072115,-0.146326342592229,0.889380381599156,"Cain","MTGnCgG_Top20PctMostVar","Filtered","Non-neuronal"
"253","Microglia","scale(pmi)",-0.0713644132393002,0.23423126956719,-0.304675005054477,0.763761432713785,"Mathys","MTGnCgG_Top20PctMostVar","Unfiltered","Non-neuronal"
"254","Microglia","scale(pmi)",-0.0120740134506367,0.551605433676217,-0.0218888587992481,0.983383277791835,"Cain","MTGnCgG_Top20PctMostVar","Unfiltered","Non-neuronal"
"255","Microglia","LOADAD",0.291475305681277,1.46408411139221,0.199083716169907,0.850039810817156,"Cain","MTGnCgG_Top20PctMostVar","Unfiltered","Non-neuronal"
"256","Microglia","(Intercept)",-0.145205596423849,0.467895875963156,-0.310337414547511,0.759515187743557,"Mathys","MTGnCgG_Top20PctMostVar","Filtered","Non-neuronal"
"257","Microglia","scale(age_death)",-0.145747731941267,0.220283697962413,-0.66163648644638,0.515755432957113,"Mathys","MTGnCgG_Top20PctMostVar","Filtered","Non-neuronal"
"258","Microglia","factor(msex)1",-0.0776757770298273,0.449822225130579,-0.172681056404625,0.864637678316158,"Mathys","MTGnCgG_Top20PctMostVar","Filtered","Non-neuronal"
"259","Microglia","scale(age_death)",-0.067915200024413,0.703853066132747,-0.0964905934097389,0.926879157144889,"Cain","MTGnCgG_Top20PctMostVar","Unfiltered","Non-neuronal"
"260","Microglia","factor(msex)1",-0.132617383762385,0.90644066523712,-0.146305642330922,0.889395897359664,"Cain","MTGnCgG_Top20PctMostVar","Unfiltered","Non-neuronal"
"261","Oligodendrocyte","scale(age_death)",-0.735207047817385,0.614768276615263,-1.1959092161769,0.285347909529823,"Cain","MTGnCgG_Top20PctMostVar","Filtered","Non-neuronal"
"262","Oligodendrocyte","(Intercept)",-0.0341080000780618,0.423231914223992,-0.0805893859412748,0.937216063639116,"Zhou","MTGnCgG_Top20PctMostVar","Unfiltered","Non-neuronal"
"263","Oligodendrocyte","scale(pmi)",-0.344684042607707,0.481790217517907,-0.715423497769328,0.506355389834523,"Cain","MTGnCgG_Top20PctMostVar","Filtered","Non-neuronal"
"264","Oligodendrocyte","LOADAD",1.30039176701984,1.27877892317176,1.01690115739042,0.355854412857111,"Cain","MTGnCgG_Top20PctMostVar","Filtered","Non-neuronal"
"265","Oligodendrocyte","(Intercept)",-0.754127601589625,0.859833304621681,-0.877062562634084,0.420588781517047,"Cain","MTGnCgG_Top20PctMostVar","Filtered","Non-neuronal"
"266","Oligodendrocyte","factor(msex)1",0.207863436159409,0.791714908174767,0.262548341597635,0.803373089648219,"Cain","MTGnCgG_Top20PctMostVar","Filtered","Non-neuronal"
"267","Oligodendrocyte","(Intercept)",0.00617104432079097,0.421529118544457,0.0146396631912396,0.988581807551723,"Zhou","MTGnCgG_Top20PctMostVar","Filtered","Non-neuronal"
"268","Oligodendrocyte","(Intercept)",0.101313410238628,0.454118036265239,0.223099287295106,0.825721054706628,"Mathys","MTGnCgG_Top20PctMostVar","Unfiltered","Non-neuronal"
"269","Oligodendrocyte","(Intercept)",-0.649332093050909,0.897091565946752,-0.723819192710426,0.501612758706748,"Cain","MTGnCgG_Top20PctMostVar","Unfiltered","Non-neuronal"
"270","Oligodendrocyte","scale(age_death)",-0.619705265264161,0.641407390245053,-0.966164834844512,0.378335667604983,"Cain","MTGnCgG_Top20PctMostVar","Unfiltered","Non-neuronal"
"271","Oligodendrocyte","scale(age_death)",0.117042657417146,0.279327136121591,0.419016422973663,0.683269517665961,"Zhou","MTGnCgG_Top20PctMostVar","Filtered","Non-neuronal"
"272","Oligodendrocyte","factor(msex)1",0.106555037360217,0.57722641870599,0.184598337683658,0.856903389006169,"Zhou","MTGnCgG_Top20PctMostVar","Filtered","Non-neuronal"
"273","Oligodendrocyte","scale(pmi)",0.414829055141052,0.292919690264582,1.41618699229934,0.184409481604692,"Zhou","MTGnCgG_Top20PctMostVar","Filtered","Non-neuronal"
"274","Oligodendrocyte","LOADAD",-0.0922583666617451,0.550305625632453,-0.167649324965041,0.869901622737789,"Zhou","MTGnCgG_Top20PctMostVar","Filtered","Non-neuronal"
"275","Oligodendrocyte","(Intercept)",0.000496765490301081,0.453497605631968,0.00109540929021845,0.999136842667194,"Mathys","MTGnCgG_Top20PctMostVar","Filtered","Non-neuronal"
"276","Oligodendrocyte","scale(age_death)",-0.2159263226092,0.213505044001662,-1.01134061548222,0.323933117440605,"Mathys","MTGnCgG_Top20PctMostVar","Filtered","Non-neuronal"
"277","Oligodendrocyte","factor(msex)1",-0.199815452470912,0.435980124075351,-0.458313215297809,0.651668402598519,"Mathys","MTGnCgG_Top20PctMostVar","Filtered","Non-neuronal"
"278","Oligodendrocyte","LOADAD",0.149085393274588,0.46821824558335,0.318410046342478,0.75347501591613,"Mathys","MTGnCgG_Top20PctMostVar","Filtered","Non-neuronal"
"279","Oligodendrocyte","factor(msex)1",0.343858388515948,0.579558164269097,0.593311266608764,0.564972608462692,"Zhou","MTGnCgG_Top20PctMostVar","Unfiltered","Non-neuronal"
"280","Oligodendrocyte","scale(pmi)",0.328840375874019,0.294102959370061,1.11811311446292,0.287342896179079,"Zhou","MTGnCgG_Top20PctMostVar","Unfiltered","Non-neuronal"
"281","Oligodendrocyte","LOADAD",-0.189677791230838,0.552528622812308,-0.343290434919732,0.737851274212309,"Zhou","MTGnCgG_Top20PctMostVar","Unfiltered","Non-neuronal"
"282","Oligodendrocyte","scale(pmi)",-0.257555181789423,0.502667131370462,-0.512377208923983,0.630210290562636,"Cain","MTGnCgG_Top20PctMostVar","Unfiltered","Non-neuronal"
"283","Oligodendrocyte","LOADAD",1.06880631625395,1.33419091877652,0.801089485179577,0.459438021809576,"Cain","MTGnCgG_Top20PctMostVar","Unfiltered","Non-neuronal"
"284","Oligodendrocyte","LOADAD",-0.0162949925743149,0.468858815542284,-0.0347545829024629,0.97261996965636,"Mathys","MTGnCgG_Top20PctMostVar","Unfiltered","Non-neuronal"
"285","Oligodendrocyte","factor(msex)1",0.229857869847868,0.826021465951927,0.278271061131534,0.791945067170466,"Cain","MTGnCgG_Top20PctMostVar","Unfiltered","Non-neuronal"
"286","Oligodendrocyte","scale(age_death)",0.125073848398165,0.280455497175762,0.44596682774159,0.664271838106906,"Zhou","MTGnCgG_Top20PctMostVar","Unfiltered","Non-neuronal"
"287","Oligodendrocyte","scale(pmi)",0.276775504773551,0.222903327876694,1.2416840403866,0.228718392634111,"Mathys","MTGnCgG_Top20PctMostVar","Filtered","Non-neuronal"
"288","Oligodendrocyte","factor(msex)1",-0.189342947898055,0.436576589020511,-0.433699269864329,0.669148952383124,"Mathys","MTGnCgG_Top20PctMostVar","Unfiltered","Non-neuronal"
"289","Oligodendrocyte","scale(pmi)",0.2815567271781,0.223208282194325,1.26140806429833,0.22167681152112,"Mathys","MTGnCgG_Top20PctMostVar","Unfiltered","Non-neuronal"
"290","Oligodendrocyte","scale(age_death)",-0.184015211171189,0.213797140515539,-0.860700057668985,0.39960422233923,"Mathys","MTGnCgG_Top20PctMostVar","Unfiltered","Non-neuronal"
"291","OPC","LOADAD",-0.184085158303404,1.09069723445914,-0.168777505330971,0.872586927180763,"Cain","MTGnCgG_Top20PctMostVar","Filtered","Non-neuronal"
"292","OPC","factor(msex)1",-0.515815791671909,0.525088466891663,-0.982340737219682,0.347044843932342,"Zhou","MTGnCgG_Top20PctMostVar","Unfiltered","Non-neuronal"
"293","OPC","scale(age_death)",-0.165587627964105,0.256083688436092,-0.646615288054276,0.531141187066808,"Zhou","MTGnCgG_Top20PctMostVar","Filtered","Non-neuronal"
"294","OPC","scale(pmi)",0.154683738574673,0.410928932526416,0.376424550161674,0.72204595025158,"Cain","MTGnCgG_Top20PctMostVar","Filtered","Non-neuronal"
"295","OPC","LOADAD",0.110144712274804,0.493568783631055,0.223159802499054,0.825674598833778,"Mathys","MTGnCgG_Top20PctMostVar","Filtered","Non-neuronal"
"296","OPC","scale(age_death)",0.683174393254686,0.524348694670673,1.30290091345372,0.249382733303604,"Cain","MTGnCgG_Top20PctMostVar","Filtered","Non-neuronal"
"297","OPC","factor(msex)1",0.883910039422482,0.675270169987239,1.30897243608315,0.247471629336879,"Cain","MTGnCgG_Top20PctMostVar","Filtered","Non-neuronal"
"298","OPC","scale(age_death)",0.69055109472357,0.524213466960212,1.31730895569683,0.244869606389926,"Cain","MTGnCgG_Top20PctMostVar","Unfiltered","Non-neuronal"
"299","OPC","factor(msex)1",0.144303395195377,0.459585207447625,0.313986161558132,0.756783109013604,"Mathys","MTGnCgG_Top20PctMostVar","Filtered","Non-neuronal"
"300","OPC","scale(pmi)",0.06689762484122,0.23497188639102,0.284704803918093,0.778797412608225,"Mathys","MTGnCgG_Top20PctMostVar","Filtered","Non-neuronal"
"301","OPC","(Intercept)",-0.34991244055954,0.73336977209529,-0.477129619836682,0.653395184070783,"Cain","MTGnCgG_Top20PctMostVar","Filtered","Non-neuronal"
"302","OPC","(Intercept)",-0.139758245549656,0.478051130434899,-0.292349994910614,0.773030286772686,"Mathys","MTGnCgG_Top20PctMostVar","Filtered","Non-neuronal"
"303","OPC","factor(msex)1",-0.67054603564431,0.529194092695101,-1.26710793809002,0.231286180622058,"Zhou","MTGnCgG_Top20PctMostVar","Filtered","Non-neuronal"
"304","OPC","scale(pmi)",-0.0946589222009146,0.268545175166437,-0.352487890137097,0.731133332231577,"Zhou","MTGnCgG_Top20PctMostVar","Filtered","Non-neuronal"
"305","OPC","scale(age_death)",-0.229808823149927,0.254096924385632,-0.904414029038607,0.385155670556251,"Zhou","MTGnCgG_Top20PctMostVar","Unfiltered","Non-neuronal"
"306","OPC","(Intercept)",-0.172739037716548,0.386452719771166,-0.446986213006429,0.663557962129623,"Zhou","MTGnCgG_Top20PctMostVar","Filtered","Non-neuronal"
"307","OPC","scale(age_death)",-0.0698501799135951,0.225064755295266,-0.310355923218443,0.759501320782293,"Mathys","MTGnCgG_Top20PctMostVar","Filtered","Non-neuronal"
"308","OPC","(Intercept)",-0.278366353730943,0.383454518770809,-0.725943599838818,0.483033570138053,"Zhou","MTGnCgG_Top20PctMostVar","Unfiltered","Non-neuronal"
"309","OPC","scale(pmi)",0.180559980660605,0.41082295537939,0.43950801262763,0.678639524067369,"Cain","MTGnCgG_Top20PctMostVar","Unfiltered","Non-neuronal"
"310","OPC","LOADAD",0.848387602166329,0.504513440175558,1.68159564167629,0.12078577647247,"Zhou","MTGnCgG_Top20PctMostVar","Filtered","Non-neuronal"
"311","OPC","(Intercept)",-0.32707667324077,0.733180638573629,-0.446106533687365,0.674175846846313,"Cain","MTGnCgG_Top20PctMostVar","Unfiltered","Non-neuronal"
"312","OPC","factor(msex)1",0.904283127647723,0.675096020151533,1.33948816265388,0.238069841973042,"Cain","MTGnCgG_Top20PctMostVar","Unfiltered","Non-neuronal"
"313","OPC","(Intercept)",-0.0390254333570885,0.477073420509225,-0.0818017346584369,0.935617494740345,"Mathys","MTGnCgG_Top20PctMostVar","Unfiltered","Non-neuronal"
"314","OPC","scale(age_death)",0.00606550818099872,0.224604452973689,0.0270052890790605,0.978723164158861,"Mathys","MTGnCgG_Top20PctMostVar","Unfiltered","Non-neuronal"
"315","OPC","LOADAD",-0.0766427763630266,0.492559337009058,-0.15560110346993,0.877907225652116,"Mathys","MTGnCgG_Top20PctMostVar","Unfiltered","Non-neuronal"
"316","OPC","LOADAD",0.943594551215817,0.500599293311943,1.88492985072559,0.0861169713582914,"Zhou","MTGnCgG_Top20PctMostVar","Unfiltered","Non-neuronal"
"317","OPC","scale(pmi)",-0.107882200164471,0.266461731651532,-0.404869395300468,0.693335429059289,"Zhou","MTGnCgG_Top20PctMostVar","Unfiltered","Non-neuronal"
"318","OPC","scale(pmi)",0.0670939458090574,0.234491322010031,0.28612549596265,0.777724714274137,"Mathys","MTGnCgG_Top20PctMostVar","Unfiltered","Non-neuronal"
"319","OPC","LOADAD",-0.250129781166186,1.09041594742378,-0.22938932776721,0.827654487172059,"Cain","MTGnCgG_Top20PctMostVar","Unfiltered","Non-neuronal"
"320","OPC","factor(msex)1",0.183493354644637,0.45864526401813,0.4000768546852,0.693340878005616,"Mathys","MTGnCgG_Top20PctMostVar","Unfiltered","Non-neuronal"
"321","PAX6","scale(age_death)",0.94513217248617,0.426722363568654,2.21486440172033,0.0776279682454422,"Cain","MTGnCgG_Top20PctMostVar","Filtered","GABAergic"
"322","PAX6","factor(msex)1",0.855346944422644,0.54954438890201,1.55646561350872,0.18032546952826,"Cain","MTGnCgG_Top20PctMostVar","Filtered","GABAergic"
"323","PAX6","LOADAD",-1.84678930644909,0.887624793494564,-2.080596801694,0.0919921312144169,"Cain","MTGnCgG_Top20PctMostVar","Filtered","GABAergic"
"324","PAX6","(Intercept)",0.495721181013222,0.59682666458216,0.830594895354211,0.444040985293224,"Cain","MTGnCgG_Top20PctMostVar","Filtered","GABAergic"
"325","PAX6","factor(msex)1",0.60857088401787,0.53286915042578,1.14206439523024,0.277677986653554,"Zhou","MTGnCgG_Top20PctMostVar","Filtered","GABAergic"
"326","PAX6","scale(pmi)",-0.293719085910525,0.270410122329785,-1.08619856157719,0.300620760086228,"Zhou","MTGnCgG_Top20PctMostVar","Filtered","GABAergic"
"327","PAX6","(Intercept)",0.250642658678348,0.470650267668121,0.532545450192091,0.60021567182604,"Mathys","MTGnCgG_Top20PctMostVar","Filtered","GABAergic"
"328","PAX6","scale(pmi)",-0.00620260521513098,0.334419761369959,-0.0185473645149492,0.985919561437262,"Cain","MTGnCgG_Top20PctMostVar","Filtered","GABAergic"
"329","PAX6","scale(age_death)",0.152253901208857,0.221580455684754,0.687126943296259,0.499893635812664,"Mathys","MTGnCgG_Top20PctMostVar","Filtered","GABAergic"
"330","PAX6","factor(msex)1",-0.0875527532591465,0.452470221552984,-0.193499481487743,0.848519467925589,"Mathys","MTGnCgG_Top20PctMostVar","Filtered","GABAergic"
"331","PAX6","LOADAD",-1.03835165009482,0.508017099880273,-2.04393051009412,0.0656583819115931,"Zhou","MTGnCgG_Top20PctMostVar","Filtered","GABAergic"
"332","PAX6","scale(age_death)",0.166638590804807,0.257862095171691,0.646231431160347,0.531380573562817,"Zhou","MTGnCgG_Top20PctMostVar","Filtered","GABAergic"
"333","PAX6","scale(age_death)",1.08068488608844,0.410554855262528,2.63225455072843,0.0464070238841703,"Cain","MTGnCgG_Top20PctMostVar","Unfiltered","GABAergic"
"334","PAX6","factor(msex)1",0.829989277795679,0.52872344247245,1.56979852059222,0.177257210391975,"Cain","MTGnCgG_Top20PctMostVar","Unfiltered","GABAergic"
"335","PAX6","scale(pmi)",0.0871548302695836,0.321749381911837,0.270878003717393,0.797311532827359,"Cain","MTGnCgG_Top20PctMostVar","Unfiltered","GABAergic"
"336","PAX6","LOADAD",-0.219285299951391,0.482802589354392,-0.454192468695376,0.654580940931409,"Mathys","MTGnCgG_Top20PctMostVar","Unfiltered","GABAergic"
"337","PAX6","scale(pmi)",0.0522141438636454,0.229846454916548,0.227169672391089,0.822597803450333,"Mathys","MTGnCgG_Top20PctMostVar","Unfiltered","GABAergic"
"338","PAX6","(Intercept)",0.272396042241071,0.39358035982373,0.692097650307212,0.503223580188595,"Zhou","MTGnCgG_Top20PctMostVar","Unfiltered","GABAergic"
"339","PAX6","scale(age_death)",0.0916644139270509,0.26080683375536,0.351464770332795,0.731879482485663,"Zhou","MTGnCgG_Top20PctMostVar","Unfiltered","GABAergic"
"340","PAX6","LOADAD",-1.96745040650615,0.853994774431273,-2.30382019353268,0.0694405740409292,"Cain","MTGnCgG_Top20PctMostVar","Unfiltered","GABAergic"
"341","PAX6","(Intercept)",0.29096174354071,0.389136491330489,0.747711278749234,0.470317425085607,"Zhou","MTGnCgG_Top20PctMostVar","Filtered","GABAergic"
"342","PAX6","(Intercept)",0.568730564355234,0.574214303757539,0.990450012536398,0.367433402552174,"Cain","MTGnCgG_Top20PctMostVar","Unfiltered","GABAergic"
"343","PAX6","(Intercept)",0.1351516252343,0.467623422048285,0.289018083487581,0.775542067499347,"Mathys","MTGnCgG_Top20PctMostVar","Unfiltered","GABAergic"
"344","PAX6","LOADAD",-0.325964589240558,0.485927687101702,-0.670808842329529,0.510015591264153,"Mathys","MTGnCgG_Top20PctMostVar","Filtered","GABAergic"
"345","PAX6","factor(msex)1",0.0108145140303975,0.449560295430985,0.0240557587943344,0.981046530628918,"Mathys","MTGnCgG_Top20PctMostVar","Unfiltered","GABAergic"
"346","PAX6","scale(pmi)",-0.32505844873354,0.273498157118725,-1.18852153213022,0.259654347741379,"Zhou","MTGnCgG_Top20PctMostVar","Unfiltered","GABAergic"
"347","PAX6","LOADAD",-0.991632729352229,0.513818563465624,-1.92992779915117,0.0797962688377412,"Zhou","MTGnCgG_Top20PctMostVar","Unfiltered","GABAergic"
"348","PAX6","scale(age_death)",0.212037307127182,0.220155427637807,0.963125503660166,0.346985966897555,"Mathys","MTGnCgG_Top20PctMostVar","Unfiltered","GABAergic"
"349","PAX6","scale(pmi)",0.0147569114768532,0.231334211308757,0.0637904415147551,0.949770357902859,"Mathys","MTGnCgG_Top20PctMostVar","Filtered","GABAergic"
"350","PAX6","factor(msex)1",0.59578752649345,0.538954419942655,1.10545067346668,0.292556146161543,"Zhou","MTGnCgG_Top20PctMostVar","Unfiltered","GABAergic"
"351","Pericyte","scale(age_death)",-0.255034504709205,0.292425461025113,-0.872135086374381,0.401770220723275,"Zhou","MTGnCgG_Top20PctMostVar","Filtered","Non-neuronal"
"352","Pericyte","factor(msex)1",-0.127585890400167,0.604293961373296,-0.211132161754885,0.836644667758319,"Zhou","MTGnCgG_Top20PctMostVar","Filtered","Non-neuronal"
"353","Pericyte","factor(msex)1",-0.181122517977255,0.717313903106461,-0.252501055943389,0.810705438038634,"Cain","MTGnCgG_Top20PctMostVar","Unfiltered","Non-neuronal"
"354","Pericyte","(Intercept)",-0.0622065737406153,0.44129563828777,-0.140963491010193,0.890447091599329,"Zhou","MTGnCgG_Top20PctMostVar","Filtered","Non-neuronal"
"355","Pericyte","scale(age_death)",-0.639989798886297,0.556995741082574,-1.14900303841178,0.302533377211945,"Cain","MTGnCgG_Top20PctMostVar","Unfiltered","Non-neuronal"
"356","Pericyte","scale(pmi)",0.155130322103481,0.405217947971447,0.382831814040015,0.7175789790783,"Cain","MTGnCgG_Top20PctMostVar","Filtered","Non-neuronal"
"357","Pericyte","scale(age_death)",-0.747282232750447,0.517061431449094,-1.44524845076173,0.208010453352681,"Cain","MTGnCgG_Top20PctMostVar","Filtered","Non-neuronal"
"358","Pericyte","(Intercept)",0.107594427781874,0.723177587729571,0.148780091650335,0.887541588241604,"Cain","MTGnCgG_Top20PctMostVar","Filtered","Non-neuronal"
"359","Pericyte","factor(msex)1",-0.312512208328404,0.665885438940149,-0.469318279170981,0.658595190071331,"Cain","MTGnCgG_Top20PctMostVar","Filtered","Non-neuronal"
"360","Pericyte","(Intercept)",-0.189736866686952,0.4361169052427,-0.435059646636178,0.671931792505802,"Zhou","MTGnCgG_Top20PctMostVar","Unfiltered","Non-neuronal"
"361","Pericyte","scale(age_death)",-0.291848272512462,0.288993762936941,-1.00987740893268,0.334252429567751,"Zhou","MTGnCgG_Top20PctMostVar","Unfiltered","Non-neuronal"
"362","Pericyte","factor(msex)1",0.045384686193192,0.597202395458793,0.0759954858491916,0.940787251366399,"Zhou","MTGnCgG_Top20PctMostVar","Unfiltered","Non-neuronal"
"363","Pericyte","scale(pmi)",-0.211980887911542,0.303056712295349,-0.699475970375316,0.498779210192982,"Zhou","MTGnCgG_Top20PctMostVar","Unfiltered","Non-neuronal"
"364","Pericyte","(Intercept)",0.0677005981605913,0.779030907957787,0.0869036099454218,0.934121093165673,"Cain","MTGnCgG_Top20PctMostVar","Unfiltered","Non-neuronal"
"365","Pericyte","(Intercept)",-0.00436263413271392,0.465757327360703,-0.00936675362132371,0.992619325297577,"Mathys","MTGnCgG_Top20PctMostVar","Unfiltered","Non-neuronal"
"366","Pericyte","scale(pmi)",-0.222216329549043,0.306655402902449,-0.724645081892568,0.483798821006965,"Zhou","MTGnCgG_Top20PctMostVar","Filtered","Non-neuronal"
"367","Pericyte","LOADAD",0.220102565281357,0.576110787210569,0.382049026276797,0.709702867008594,"Zhou","MTGnCgG_Top20PctMostVar","Filtered","Non-neuronal"
"368","Pericyte","(Intercept)",0.0551570994320248,0.456327852759585,0.120871647650848,0.904998803204421,"Mathys","MTGnCgG_Top20PctMostVar","Filtered","Non-neuronal"
"369","Pericyte","scale(age_death)",-0.122776230545386,0.214837514184555,-0.571484133073313,0.574038505093158,"Mathys","MTGnCgG_Top20PctMostVar","Filtered","Non-neuronal"
"370","Pericyte","LOADAD",0.0973233527646587,1.07553900497686,0.0904879807373905,0.93141259730321,"Cain","MTGnCgG_Top20PctMostVar","Filtered","Non-neuronal"
"371","Pericyte","LOADAD",0.130320808640504,0.471140363204707,0.276607182950871,0.78492015244695,"Mathys","MTGnCgG_Top20PctMostVar","Filtered","Non-neuronal"
"372","Pericyte","LOADAD",0.0457213216560739,1.15860632548317,0.0394623442410492,0.970048988081068,"Cain","MTGnCgG_Top20PctMostVar","Unfiltered","Non-neuronal"
"373","Pericyte","LOADAD",0.345435218729012,0.569349959066142,0.606718615200396,0.556352629697409,"Zhou","MTGnCgG_Top20PctMostVar","Unfiltered","Non-neuronal"
"374","Pericyte","scale(pmi)",-0.247849157827512,0.228929231295454,-1.08264530669585,0.291846692769422,"Mathys","MTGnCgG_Top20PctMostVar","Unfiltered","Non-neuronal"
"375","Pericyte","scale(pmi)",0.198726588759156,0.436514227328396,0.45525798775317,0.668010285559385,"Cain","MTGnCgG_Top20PctMostVar","Unfiltered","Non-neuronal"
"376","Pericyte","scale(pmi)",-0.216700684498537,0.224294452097913,-0.966143756440035,0.345510620435856,"Mathys","MTGnCgG_Top20PctMostVar","Filtered","Non-neuronal"
"377","Pericyte","LOADAD",0.0325065551293787,0.480875920790189,0.0675986335018876,0.946776382095981,"Mathys","MTGnCgG_Top20PctMostVar","Unfiltered","Non-neuronal"
"378","Pericyte","factor(msex)1",-0.288671702004057,0.438701045814602,-0.658014620111144,0.51803181227492,"Mathys","MTGnCgG_Top20PctMostVar","Filtered","Non-neuronal"
"379","Pericyte","scale(age_death)",-0.0043074697904513,0.219276876960944,-0.0196439763743011,0.984522040288961,"Mathys","MTGnCgG_Top20PctMostVar","Unfiltered","Non-neuronal"
"380","Pericyte","factor(msex)1",-0.0342532523960175,0.447766283327448,-0.0764980608666516,0.939782943068593,"Mathys","MTGnCgG_Top20PctMostVar","Unfiltered","Non-neuronal"
"381","PVALB","scale(pmi)",0.206761229501874,0.522548373931289,0.395678639178124,0.708661113096197,"Cain","MTGnCgG_Top20PctMostVar","Filtered","GABAergic"
"382","PVALB","(Intercept)",0.0832011181971903,0.424048694495836,0.196206518914321,0.848026290270401,"Zhou","MTGnCgG_Top20PctMostVar","Unfiltered","GABAergic"
"383","PVALB","LOADAD",-0.625772118408851,1.38696018022859,-0.451182468919702,0.670752440964917,"Cain","MTGnCgG_Top20PctMostVar","Filtered","GABAergic"
"384","PVALB","scale(age_death)",0.451912819802703,0.666776019124769,0.677758057939603,0.528013577027224,"Cain","MTGnCgG_Top20PctMostVar","Filtered","GABAergic"
"385","PVALB","factor(msex)1",0.408086790938145,0.858691859737704,0.475242412409498,0.654649472722267,"Cain","MTGnCgG_Top20PctMostVar","Filtered","GABAergic"
"386","PVALB","scale(age_death)",0.0673929613037858,0.280812953843433,0.239992352138288,0.814749796140742,"Zhou","MTGnCgG_Top20PctMostVar","Filtered","GABAergic"
"387","PVALB","scale(age_death)",-0.00491860404980547,0.200145887423114,-0.0245750942631531,0.980637433142099,"Mathys","MTGnCgG_Top20PctMostVar","Filtered","GABAergic"
"388","PVALB","LOADAD",-0.796245963460673,0.438921509832075,-1.81409647425414,0.084694934909075,"Mathys","MTGnCgG_Top20PctMostVar","Filtered","GABAergic"
"389","PVALB","(Intercept)",0.108842663735353,0.932572889289365,0.116712232347106,0.911631128159717,"Cain","MTGnCgG_Top20PctMostVar","Filtered","GABAergic"
"390","PVALB","(Intercept)",0.361322818701593,0.425121950387088,0.849927458162527,0.405425422405129,"Mathys","MTGnCgG_Top20PctMostVar","Filtered","GABAergic"
"391","PVALB","scale(age_death)",0.654057346373887,0.614000180883783,1.0652396639891,0.335481453325894,"Cain","MTGnCgG_Top20PctMostVar","Unfiltered","GABAergic"
"392","PVALB","factor(msex)1",0.308905412319245,0.408700549628332,0.755823334713302,0.458565397868402,"Mathys","MTGnCgG_Top20PctMostVar","Filtered","GABAergic"
"393","PVALB","scale(pmi)",-0.331469629330094,0.208956114250392,-1.58631218100129,0.128353312646855,"Mathys","MTGnCgG_Top20PctMostVar","Filtered","GABAergic"
"394","PVALB","LOADAD",-0.636168270527835,0.553232852332827,-1.14991050846907,0.274567342369146,"Zhou","MTGnCgG_Top20PctMostVar","Filtered","GABAergic"
"395","PVALB","LOADAD",-0.750196984159171,0.443655002894221,-1.69094674750695,0.106372650768473,"Mathys","MTGnCgG_Top20PctMostVar","Unfiltered","GABAergic"
"396","PVALB","factor(msex)1",0.435332446499415,0.580296844495396,0.750189236127871,0.468883332256039,"Zhou","MTGnCgG_Top20PctMostVar","Filtered","GABAergic"
"397","PVALB","scale(pmi)",-0.396457531347305,0.29447781051353,-1.34630697863427,0.205290804041515,"Zhou","MTGnCgG_Top20PctMostVar","Filtered","GABAergic"
"398","PVALB","factor(msex)1",0.537668371290444,0.580676633030672,0.925934230355097,0.374348400907818,"Zhou","MTGnCgG_Top20PctMostVar","Unfiltered","GABAergic"
"399","PVALB","(Intercept)",0.154834467826637,0.423771347650093,0.365372667796509,0.721761678142654,"Zhou","MTGnCgG_Top20PctMostVar","Filtered","GABAergic"
"400","PVALB","(Intercept)",0.221373792531993,0.858759022951358,0.257783367179284,0.806847689863599,"Cain","MTGnCgG_Top20PctMostVar","Unfiltered","GABAergic"
"401","PVALB","scale(age_death)",0.0342458543102991,0.280996738300367,0.121872782287218,0.905197709198029,"Zhou","MTGnCgG_Top20PctMostVar","Unfiltered","GABAergic"
"402","PVALB","scale(pmi)",0.373300717299814,0.481188265492045,0.775789320045223,0.472952754807824,"Cain","MTGnCgG_Top20PctMostVar","Unfiltered","GABAergic"
"403","PVALB","LOADAD",-0.930279058743812,1.27718120795164,-0.728384549468751,0.499046932061054,"Cain","MTGnCgG_Top20PctMostVar","Unfiltered","GABAergic"
"404","PVALB","scale(pmi)",-0.33200614528741,0.211209574823503,-1.57192753010772,0.131654044270725,"Mathys","MTGnCgG_Top20PctMostVar","Unfiltered","GABAergic"
"405","PVALB","factor(msex)1",0.487531473679824,0.790725734099511,0.616562042507737,0.564510405046559,"Cain","MTGnCgG_Top20PctMostVar","Unfiltered","GABAergic"
"406","PVALB","(Intercept)",0.332498753013925,0.429706623859784,0.773780841512978,0.448110840613601,"Mathys","MTGnCgG_Top20PctMostVar","Unfiltered","GABAergic"
"407","PVALB","scale(age_death)",0.032475753764438,0.202304335228274,0.160529203330188,0.874074571419344,"Mathys","MTGnCgG_Top20PctMostVar","Unfiltered","GABAergic"
"408","PVALB","scale(pmi)",-0.398435832873441,0.294670538248286,-1.35214003830177,0.203475597641805,"Zhou","MTGnCgG_Top20PctMostVar","Unfiltered","GABAergic"
"409","PVALB","LOADAD",-0.569653514862214,0.553594928219758,-1.02900782833054,0.325571510462177,"Zhou","MTGnCgG_Top20PctMostVar","Unfiltered","GABAergic"
"410","PVALB","factor(msex)1",0.307556910099885,0.413108128598205,0.744494936818393,0.465235709946574,"Mathys","MTGnCgG_Top20PctMostVar","Unfiltered","GABAergic"
"411","SST","scale(age_death)",-0.0576266352458297,0.639864696033204,-0.0900606575156934,0.93173544561105,"Cain","MTGnCgG_Top20PctMostVar","Filtered","GABAergic"
"412","SST","factor(msex)1",0.377432557392943,0.824034743388752,0.458029907623547,0.666148582140748,"Cain","MTGnCgG_Top20PctMostVar","Filtered","GABAergic"
"413","SST","factor(msex)1",0.0165536277570064,0.493426798975543,0.0335482948866482,0.973838370764202,"Zhou","MTGnCgG_Top20PctMostVar","Filtered","GABAergic"
"414","SST","scale(pmi)",-0.261847282481215,0.250394681255535,-1.04573819686686,0.318117729461481,"Zhou","MTGnCgG_Top20PctMostVar","Filtered","GABAergic"
"415","SST","(Intercept)",-0.24900015702286,0.894933907666956,-0.278233012393049,0.791972652856148,"Cain","MTGnCgG_Top20PctMostVar","Filtered","GABAergic"
"416","SST","scale(age_death)",-0.222193393444176,0.238775444395737,-0.930553784567236,0.372056627793874,"Zhou","MTGnCgG_Top20PctMostVar","Filtered","GABAergic"
"417","SST","scale(age_death)",0.040281901607474,0.656298934011862,0.0613773686348025,0.953436557825601,"Cain","MTGnCgG_Top20PctMostVar","Unfiltered","GABAergic"
"418","SST","factor(msex)1",0.377559465612966,0.845199191372033,0.446710632791856,0.673767948187442,"Cain","MTGnCgG_Top20PctMostVar","Unfiltered","GABAergic"
"419","SST","scale(pmi)",-0.360692443617628,0.514337545058836,-0.701275742132277,0.51441762787452,"Cain","MTGnCgG_Top20PctMostVar","Unfiltered","GABAergic"
"420","SST","(Intercept)",0.269745325460127,0.44612167477251,0.604645191466381,0.552213473808119,"Mathys","MTGnCgG_Top20PctMostVar","Filtered","GABAergic"
"421","SST","LOADAD",-0.731627880743263,0.456484841960088,-1.6027429905487,0.12466804276534,"Mathys","MTGnCgG_Top20PctMostVar","Unfiltered","GABAergic"
"422","SST","scale(age_death)",-0.0813747503230125,0.210032482243575,-0.387438883042109,0.702523650444519,"Mathys","MTGnCgG_Top20PctMostVar","Filtered","GABAergic"
"423","SST","factor(msex)1",0.279656134639384,0.428889107030627,0.652047650674918,0.521794279604944,"Mathys","MTGnCgG_Top20PctMostVar","Filtered","GABAergic"
"424","SST","LOADAD",-1.0972551694099,0.470414268152826,-2.33252952491956,0.039691698289126,"Zhou","MTGnCgG_Top20PctMostVar","Filtered","GABAergic"
"425","SST","(Intercept)",0.542419974296071,0.360333063245179,1.50532945661719,0.160402033128323,"Zhou","MTGnCgG_Top20PctMostVar","Filtered","GABAergic"
"426","SST","(Intercept)",-0.175707030512484,0.917919324591733,-0.191418816234895,0.855727984558452,"Cain","MTGnCgG_Top20PctMostVar","Unfiltered","GABAergic"
"427","SST","(Intercept)",0.354789850311703,0.442133096667919,0.802450332231476,0.431725181012269,"Mathys","MTGnCgG_Top20PctMostVar","Unfiltered","GABAergic"
"428","SST","scale(age_death)",-0.046714565815554,0.208154673996853,-0.224422372645163,0.824705508264054,"Mathys","MTGnCgG_Top20PctMostVar","Unfiltered","GABAergic"
"429","SST","LOADAD",-0.0261454045879986,1.36516680518259,-0.0191518021744616,0.985460762103039,"Cain","MTGnCgG_Top20PctMostVar","Unfiltered","GABAergic"
"430","SST","scale(pmi)",-0.188706104378961,0.217317439800745,-0.868343123092112,0.39550710996839,"Mathys","MTGnCgG_Top20PctMostVar","Unfiltered","GABAergic"
"431","SST","(Intercept)",0.475691198340129,0.366226745376908,1.29889803064646,0.220546128557106,"Zhou","MTGnCgG_Top20PctMostVar","Unfiltered","GABAergic"
"432","SST","LOADAD",0.120567756652776,1.33098196197434,0.0905855677216913,0.931338871149718,"Cain","MTGnCgG_Top20PctMostVar","Filtered","GABAergic"
"433","SST","LOADAD",-0.631219172010986,0.46060289025695,-1.37041947708764,0.18574290521119,"Mathys","MTGnCgG_Top20PctMostVar","Filtered","GABAergic"
"434","SST","scale(pmi)",-0.441711758043315,0.501458131153369,-0.880854712690299,0.418717874680399,"Cain","MTGnCgG_Top20PctMostVar","Filtered","GABAergic"
"435","SST","LOADAD",-1.06843443375978,0.47810846124672,-2.23471141040618,0.0471358968228903,"Zhou","MTGnCgG_Top20PctMostVar","Unfiltered","GABAergic"
"436","SST","scale(age_death)",-0.21914368210768,0.242680904964514,-0.903011640490318,0.385867426478968,"Zhou","MTGnCgG_Top20PctMostVar","Unfiltered","GABAergic"
"437","SST","scale(pmi)",-0.262950384375397,0.254490188466294,-1.03324370169274,0.323672170145595,"Zhou","MTGnCgG_Top20PctMostVar","Unfiltered","GABAergic"
"438","SST","factor(msex)1",0.156069382772701,0.501497389784634,0.31120676986918,0.76146169575863,"Zhou","MTGnCgG_Top20PctMostVar","Unfiltered","GABAergic"
"439","SST","factor(msex)1",0.236358319508302,0.425054597751355,0.5560657872158,0.584334039730267,"Mathys","MTGnCgG_Top20PctMostVar","Unfiltered","GABAergic"
"440","SST","scale(pmi)",-0.182065416115835,0.219277907335674,-0.830295301191132,0.416173523904785,"Mathys","MTGnCgG_Top20PctMostVar","Filtered","GABAergic"
"441","VIP","factor(msex)1",0.700379505836083,0.580724334055068,1.20604470101242,0.253100480975932,"Zhou","MTGnCgG_Top20PctMostVar","Filtered","GABAergic"
"442","VIP","scale(pmi)",-0.130531974373819,0.390010850509785,-0.334688058558373,0.751443935388557,"Cain","MTGnCgG_Top20PctMostVar","Filtered","GABAergic"
"443","VIP","scale(pmi)",-0.368306801364246,0.294694744640853,-1.24979087025493,0.237312727341285,"Zhou","MTGnCgG_Top20PctMostVar","Filtered","GABAergic"
"444","VIP","scale(age_death)",-0.0143309424688308,0.281019821427028,-0.0509961980477312,0.960242808514392,"Zhou","MTGnCgG_Top20PctMostVar","Filtered","GABAergic"
"445","VIP","scale(age_death)",0.99020960353214,0.465598189652305,2.12674710842755,0.0867608053996162,"Cain","MTGnCgG_Top20PctMostVar","Unfiltered","GABAergic"
"446","VIP","LOADAD",-1.02818328188394,1.03517596934535,-0.993244928718901,0.366195404691355,"Cain","MTGnCgG_Top20PctMostVar","Filtered","GABAergic"
"447","VIP","(Intercept)",-0.0410512541395673,0.424083528956138,-0.0967999258085148,0.924626442151984,"Zhou","MTGnCgG_Top20PctMostVar","Filtered","GABAergic"
"448","VIP","LOADAD",-0.443182121097928,0.553640404554906,-0.800487315325585,0.4403750154201,"Zhou","MTGnCgG_Top20PctMostVar","Filtered","GABAergic"
"449","VIP","factor(msex)1",1.03521860026873,0.599609709851057,1.72648738547927,0.14484575016555,"Cain","MTGnCgG_Top20PctMostVar","Unfiltered","GABAergic"
"450","VIP","scale(pmi)",0.0440701624090058,0.364886513506475,0.12077772342283,0.908570521924336,"Cain","MTGnCgG_Top20PctMostVar","Unfiltered","GABAergic"
"451","VIP","LOADAD",-1.29768411798741,0.968490363348579,-1.3399040063761,0.237944043101389,"Cain","MTGnCgG_Top20PctMostVar","Unfiltered","GABAergic"
"452","VIP","factor(msex)1",1.04938588733377,0.640895961502249,1.63737322493658,0.162478832483958,"Cain","MTGnCgG_Top20PctMostVar","Filtered","GABAergic"
"453","VIP","scale(age_death)",0.165559609475104,0.197141507340147,0.83980087049577,0.410947018709253,"Mathys","MTGnCgG_Top20PctMostVar","Filtered","GABAergic"
"454","VIP","factor(msex)1",0.487223581673124,0.402565565757265,1.21029621785114,0.240275503960335,"Mathys","MTGnCgG_Top20PctMostVar","Filtered","GABAergic"
"455","VIP","scale(age_death)",0.813123140940932,0.497657050125227,1.6339025855985,0.163207275610034,"Cain","MTGnCgG_Top20PctMostVar","Filtered","GABAergic"
"456","VIP","LOADAD",-0.794268669651461,0.432332880612142,-1.83716923988491,0.0810910609264794,"Mathys","MTGnCgG_Top20PctMostVar","Filtered","GABAergic"
"457","VIP","(Intercept)",0.131232758859335,0.65119955804934,0.201524643616837,0.848230531866424,"Cain","MTGnCgG_Top20PctMostVar","Unfiltered","GABAergic"
"458","VIP","(Intercept)",0.239879306075746,0.413102259965688,0.580677786889063,0.567943781575082,"Mathys","MTGnCgG_Top20PctMostVar","Unfiltered","GABAergic"
"459","VIP","scale(pmi)",-0.178818785509307,0.205819484285365,-0.868813689482272,0.395255755664461,"Mathys","MTGnCgG_Top20PctMostVar","Filtered","GABAergic"
"460","VIP","factor(msex)1",0.523595736152041,0.397145149872766,1.31839891868196,0.20227005403779,"Mathys","MTGnCgG_Top20PctMostVar","Unfiltered","GABAergic"
"461","VIP","scale(pmi)",-0.127740017463812,0.203048191117603,-0.629111821980363,0.536396191107079,"Mathys","MTGnCgG_Top20PctMostVar","Unfiltered","GABAergic"
"462","VIP","LOADAD",-0.767508217857383,0.426511657405798,-1.79950114968874,0.0870459840294431,"Mathys","MTGnCgG_Top20PctMostVar","Unfiltered","GABAergic"
"463","VIP","scale(age_death)",0.236029037913287,0.194487060341258,1.21359764242998,0.239039427798068,"Mathys","MTGnCgG_Top20PctMostVar","Unfiltered","GABAergic"
"464","VIP","(Intercept)",-0.0106013027249164,0.696038039459937,-0.015230924351695,0.988437014921554,"Cain","MTGnCgG_Top20PctMostVar","Filtered","GABAergic"
"465","VIP","(Intercept)",0.274464629373836,0.418740465676012,0.655452844593707,0.519645285526579,"Mathys","MTGnCgG_Top20PctMostVar","Filtered","GABAergic"
"466","VIP","(Intercept)",-0.145445371129494,0.423730068117902,-0.343250059585159,0.737880815826431,"Zhou","MTGnCgG_Top20PctMostVar","Unfiltered","GABAergic"
"467","VIP","scale(age_death)",-0.0658920223475506,0.280785599876648,-0.234670233717461,0.818775652517563,"Zhou","MTGnCgG_Top20PctMostVar","Unfiltered","GABAergic"
"468","VIP","factor(msex)1",0.74409012146809,0.580240317827405,1.28238265871318,0.226073843208426,"Zhou","MTGnCgG_Top20PctMostVar","Unfiltered","GABAergic"
"469","VIP","scale(pmi)",-0.367423695798185,0.294449125454179,-1.24783422342126,0.23800155550975,"Zhou","MTGnCgG_Top20PctMostVar","Unfiltered","GABAergic"
"470","VIP","LOADAD",-0.26717684884208,0.553178961966092,-0.482984471955492,0.63857606723639,"Zhou","MTGnCgG_Top20PctMostVar","Unfiltered","GABAergic"
