"","subclass","estimate","std.error","statistic","p.value","dataset","term","mapping","filtering","class"
"1","Astrocyte",0.236532694656188,0.467359588849086,0.506104293780879,0.618316708416471,"Mathys","(Intercept)","All_Hodge","Unfiltered","Non-neuronal"
"2","Astrocyte",-0.0320022683615679,0.220031215915176,-0.145444219032562,0.885816001142337,"Mathys","scale(age_death)","All_Hodge","Unfiltered","Non-neuronal"
"3","Astrocyte",-0.462605254908334,0.449306653450313,-1.02959805147753,0.315490157190743,"Mathys","factor(msex)1","All_Hodge","Unfiltered","Non-neuronal"
"4","Astrocyte",-0.0548174708162906,0.229716775514991,-0.238630682036164,0.813820049915119,"Mathys","scale(pmi)","All_Hodge","Unfiltered","Non-neuronal"
"5","Astrocyte",-0.0226283942190441,0.482530192066905,-0.0468952919238399,0.963061796427469,"Mathys","LOADAD","All_Hodge","Unfiltered","Non-neuronal"
"6","Astrocyte",-0.624735714786794,0.625926197890258,-0.998098045572342,0.364053904419542,"Cain","(Intercept)","All_Hodge","Unfiltered","Non-neuronal"
"7","Astrocyte",0.491586535074347,0.447528105618852,1.09844840782585,0.322066188662815,"Cain","scale(age_death)","All_Hodge","Unfiltered","Non-neuronal"
"8","Astrocyte",1.17930441282346,0.576338575888156,2.04620072672754,0.0961066841651429,"Cain","factor(msex)1","All_Hodge","Unfiltered","Non-neuronal"
"9","Astrocyte",-0.553728014931714,0.350725096842335,-1.57880921530014,0.175212638789432,"Cain","scale(pmi)","All_Hodge","Unfiltered","Non-neuronal"
"10","Astrocyte",0.0701670167501256,0.930902798275855,0.0753752345358543,0.942839049829778,"Cain","LOADAD","All_Hodge","Unfiltered","Non-neuronal"
"11","Astrocyte",-0.236331762696584,0.292511242328551,-0.807940784823355,0.436248658939441,"Zhou","scale(pmi)","All_Hodge","Unfiltered","Non-neuronal"
"12","Astrocyte",0.29005486692361,0.549538278115552,0.527815583508124,0.60810974726973,"Zhou","LOADAD","All_Hodge","Unfiltered","Non-neuronal"
"13","Astrocyte",0.021139820172533,0.420941337305541,0.050220347347803,0.960847111437013,"Zhou","(Intercept)","All_Hodge","Unfiltered","Non-neuronal"
"14","Astrocyte",0.100035011697368,0.278937641676464,0.358628584855525,0.726661112753842,"Zhou","scale(age_death)","All_Hodge","Unfiltered","Non-neuronal"
"15","Astrocyte",-0.443112676358235,0.576421532769062,-0.768730262781081,0.458240807879713,"Zhou","factor(msex)1","All_Hodge","Unfiltered","Non-neuronal"
"16","Endothelial",-0.250950073853393,0.380454482630968,-0.659606037805075,0.538671976577203,"Cain","scale(pmi)","All_Hodge","Unfiltered","Non-neuronal"
"17","Endothelial",0.594684554315965,0.625192199485994,0.951202773810821,0.385182738644551,"Cain","factor(msex)1","All_Hodge","Unfiltered","Non-neuronal"
"18","Endothelial",-0.555439385888342,0.363057259758591,-1.52989472310145,0.1542778442404,"Zhou","(Intercept)","All_Hodge","Unfiltered","Non-neuronal"
"19","Endothelial",0.533520062548708,1.00981123303239,0.528336430707538,0.619866969915532,"Cain","LOADAD","All_Hodge","Unfiltered","Non-neuronal"
"20","Endothelial",-0.0216520262311985,0.497157213146497,-0.0435516686847674,0.966042301180552,"Zhou","factor(msex)1","All_Hodge","Unfiltered","Non-neuronal"
"21","Endothelial",-0.0671970543695976,0.252287719633723,-0.266350872991978,0.794895603448497,"Zhou","scale(pmi)","All_Hodge","Unfiltered","Non-neuronal"
"22","Endothelial",1.12711779145008,0.473970702573858,2.37803261958886,0.0366282536554022,"Zhou","LOADAD","All_Hodge","Unfiltered","Non-neuronal"
"23","Endothelial",-0.3874370885254,0.240580638810185,-1.61042505515618,0.135603461439274,"Zhou","scale(age_death)","All_Hodge","Unfiltered","Non-neuronal"
"24","Endothelial",-0.564102308432336,0.678983140720492,-0.830804587922092,0.443932964865033,"Cain","(Intercept)","All_Hodge","Unfiltered","Non-neuronal"
"25","Endothelial",-0.73795053636557,0.485463046183371,-1.5200962095204,0.188961039437094,"Cain","scale(age_death)","All_Hodge","Unfiltered","Non-neuronal"
"26","L2/3 IT",1.03533024762474,0.79263656519723,1.30618532261014,0.248347232250649,"Cain","(Intercept)","All_Hodge","Unfiltered","Glutamatergic"
"27","L2/3 IT",0.57213068698522,0.566723587641148,1.009540981639,0.359045521879911,"Cain","scale(age_death)","All_Hodge","Unfiltered","Glutamatergic"
"28","L2/3 IT",-0.406028571794135,0.729841682170244,-0.556324175109835,0.60196705501456,"Cain","factor(msex)1","All_Hodge","Unfiltered","Glutamatergic"
"29","L2/3 IT",0.677458817812083,0.444137882431812,1.52533446168284,0.187692903466447,"Cain","scale(pmi)","All_Hodge","Unfiltered","Glutamatergic"
"30","L2/3 IT",-1.66463192345534,1.17884121010578,-1.41209172973005,0.21702505607428,"Cain","LOADAD","All_Hodge","Unfiltered","Glutamatergic"
"31","L2/3 IT",-0.493456727778566,0.538737155818397,-0.915950797989707,0.379335169346967,"Zhou","factor(msex)1","All_Hodge","Unfiltered","Glutamatergic"
"32","L2/3 IT",-0.190526338653686,0.273387904126276,-0.696908443197556,0.50032306846788,"Zhou","scale(pmi)","All_Hodge","Unfiltered","Glutamatergic"
"33","L2/3 IT",-0.201255803675736,0.393421699111362,-0.511552372760121,0.619076604689941,"Zhou","(Intercept)","All_Hodge","Unfiltered","Glutamatergic"
"34","L2/3 IT",0.387496699807986,0.469960546480741,0.82453027750887,0.419363827981593,"Mathys","LOADAD","All_Hodge","Unfiltered","Glutamatergic"
"35","L2/3 IT",-0.285093500336824,0.45518512911639,-0.626324284561427,0.538185837216671,"Mathys","(Intercept)","All_Hodge","Unfiltered","Glutamatergic"
"36","L2/3 IT",0.772604153185396,0.513611432146003,1.50425809245961,0.16067383343419,"Zhou","LOADAD","All_Hodge","Unfiltered","Glutamatergic"
"37","L2/3 IT",-0.0822017438787583,0.260701696908459,-0.31530958506811,0.758427651112827,"Zhou","scale(age_death)","All_Hodge","Unfiltered","Glutamatergic"
"38","L2/3 IT",-0.0292309684696089,0.214299523997413,-0.136402395695297,0.892866865395624,"Mathys","scale(age_death)","All_Hodge","Unfiltered","Glutamatergic"
"39","L2/3 IT",-0.223764776635235,0.22373278010726,-1.00014301224863,0.32918906716129,"Mathys","scale(pmi)","All_Hodge","Unfiltered","Glutamatergic"
"40","L2/3 IT",0.0772825259577354,0.437602462735978,0.176604412768954,0.861595236728547,"Mathys","factor(msex)1","All_Hodge","Unfiltered","Glutamatergic"
"41","L3/5 IT",0.0678321825267822,0.437276553976917,0.155124215807745,0.878278273197281,"Mathys","factor(msex)1","All_Hodge","Unfiltered","Glutamatergic"
"42","L3/5 IT",0.318803448205752,0.214139922308939,1.488762323103,0.152149789912172,"Mathys","scale(age_death)","All_Hodge","Unfiltered","Glutamatergic"
"43","L3/5 IT",0.0758445864082131,0.223566152908066,0.33924896690154,0.73795850059975,"Mathys","scale(pmi)","All_Hodge","Unfiltered","Glutamatergic"
"44","L3/5 IT",0.0486005796646636,0.454846125492768,0.106850596148337,0.915972060640771,"Mathys","(Intercept)","All_Hodge","Unfiltered","Glutamatergic"
"45","L3/5 IT",-0.248401879668714,0.313897964437201,-0.791345939799523,0.445470574801232,"Zhou","scale(pmi)","All_Hodge","Unfiltered","Glutamatergic"
"46","L3/5 IT",-0.126812542621124,0.469610538719008,-0.27003768477394,0.78989802414731,"Mathys","LOADAD","All_Hodge","Unfiltered","Glutamatergic"
"47","L3/5 IT",0.208010451894106,0.451718121586828,0.460487286105308,0.654136249443815,"Zhou","(Intercept)","All_Hodge","Unfiltered","Glutamatergic"
"48","L3/5 IT",-0.0508581107593914,0.61856612536878,-0.0822193596991277,0.935949303319424,"Zhou","factor(msex)1","All_Hodge","Unfiltered","Glutamatergic"
"49","L3/5 IT",-0.377877320718669,0.589717323367162,-0.640777039685843,0.534788857908524,"Zhou","LOADAD","All_Hodge","Unfiltered","Glutamatergic"
"50","L3/5 IT",0.406075521163613,0.744859861824686,0.545170362877183,0.609063677238977,"Cain","(Intercept)","All_Hodge","Unfiltered","Glutamatergic"
"51","L3/5 IT",-0.0134550114121363,0.299331940988475,-0.0449501358515375,0.964952689843577,"Zhou","scale(age_death)","All_Hodge","Unfiltered","Glutamatergic"
"52","L3/5 IT",0.453859172384504,1.10778576137747,0.409699409586339,0.698988392221584,"Cain","LOADAD","All_Hodge","Unfiltered","Glutamatergic"
"53","L3/5 IT",-0.268183488983262,0.532563941304093,-0.503570497706921,0.635959599253924,"Cain","scale(age_death)","All_Hodge","Unfiltered","Glutamatergic"
"54","L3/5 IT",-0.0660307995338297,0.417367172125034,-0.158207937623921,0.880484109028816,"Cain","scale(pmi)","All_Hodge","Unfiltered","Glutamatergic"
"55","L3/5 IT",-1.26601021471173,0.685849982709231,-1.84589960870271,0.124201780608728,"Cain","factor(msex)1","All_Hodge","Unfiltered","Glutamatergic"
"56","L4 IT",-0.63450395672115,0.779920988887209,-0.813549020685365,0.452888292613181,"Cain","factor(msex)1","All_Hodge","Unfiltered","Glutamatergic"
"57","L4 IT",0.216869434830056,0.605610273702741,0.358100653583867,0.734889785692367,"Cain","scale(age_death)","All_Hodge","Unfiltered","Glutamatergic"
"58","L4 IT",0.137532889182905,0.474613145468018,0.289778929421105,0.783617785308865,"Cain","scale(pmi)","All_Hodge","Unfiltered","Glutamatergic"
"59","L4 IT",0.219449546286018,0.216105983470967,1.01547186598607,0.322008918180644,"Mathys","scale(age_death)","All_Hodge","Unfiltered","Glutamatergic"
"60","L4 IT",0.111314710309261,0.441291276876645,0.252247701556941,0.803423769578579,"Mathys","factor(msex)1","All_Hodge","Unfiltered","Glutamatergic"
"61","L4 IT",-1.24220220185893,1.25972936978986,-0.986086560850881,0.369373061596401,"Cain","LOADAD","All_Hodge","Unfiltered","Glutamatergic"
"62","L4 IT",0.938353079290042,0.847024647754475,1.10782263748485,0.318363757387455,"Cain","(Intercept)","All_Hodge","Unfiltered","Glutamatergic"
"63","L4 IT",-0.260009222236368,0.459022158118485,-0.566441548926824,0.577395480038364,"Mathys","(Intercept)","All_Hodge","Unfiltered","Glutamatergic"
"64","L4 IT",0.322778377012379,0.473922126355258,0.681078934834159,0.503631724295114,"Mathys","LOADAD","All_Hodge","Unfiltered","Glutamatergic"
"65","L4 IT",-0.100697800977832,0.225618758165588,-0.446318390352665,0.660162066686144,"Mathys","scale(pmi)","All_Hodge","Unfiltered","Glutamatergic"
"66","L5/6 IT Car3",0.523621271765357,0.460203293788743,1.1378042678802,0.268649803985734,"Mathys","LOADAD","All_Hodge","Unfiltered","Glutamatergic"
"67","L5/6 IT Car3",0.0230617569928301,0.909443312984335,0.025358102768553,0.980750264676485,"Cain","(Intercept)","All_Hodge","Unfiltered","Glutamatergic"
"68","L5/6 IT Car3",0.188079351613758,0.219087672582092,0.858466153741651,0.400806893076477,"Mathys","scale(pmi)","All_Hodge","Unfiltered","Glutamatergic"
"69","L5/6 IT Car3",0.17470291858657,0.509588183230139,0.342831573289585,0.745668173612784,"Cain","scale(pmi)","All_Hodge","Unfiltered","Glutamatergic"
"70","L5/6 IT Car3",0.591016919256227,0.428517023884718,1.37921456164884,0.1830577830049,"Mathys","factor(msex)1","All_Hodge","Unfiltered","Glutamatergic"
"71","L5/6 IT Car3",-0.543117542145209,0.837394673083001,-0.6485801254809,0.545215428693841,"Cain","factor(msex)1","All_Hodge","Unfiltered","Glutamatergic"
"72","L5/6 IT Car3",0.49699402815955,1.35256093735002,0.367446681650644,0.728326219237366,"Cain","LOADAD","All_Hodge","Unfiltered","Glutamatergic"
"73","L5/6 IT Car3",-0.18814657129213,0.650238709291044,-0.289350001166904,0.783927584980757,"Cain","scale(age_death)","All_Hodge","Unfiltered","Glutamatergic"
"74","L5/6 IT Car3",0.132975447248529,0.209850268367178,0.633668225841198,0.533477858016354,"Mathys","scale(age_death)","All_Hodge","Unfiltered","Glutamatergic"
"75","L5/6 IT Car3",-0.618805735172818,0.44573464149634,-1.38828279779977,0.180321775915957,"Mathys","(Intercept)","All_Hodge","Unfiltered","Glutamatergic"
"76","L5/6 NP",-0.0908301129626962,0.275279990259483,-0.329955376985731,0.747631964209117,"Zhou","scale(age_death)","All_Hodge","Unfiltered","Glutamatergic"
"77","L5/6 NP",-0.481261173610745,0.415421620892914,-1.15848850759456,0.271197670774275,"Zhou","(Intercept)","All_Hodge","Unfiltered","Glutamatergic"
"78","L5/6 NP",-0.00850754580134576,0.905969482621962,-0.00939054346149068,0.992870699497088,"Cain","(Intercept)","All_Hodge","Unfiltered","Glutamatergic"
"79","L5/6 NP",0.88925059167524,0.568863036814773,1.56320684264249,0.146297326241397,"Zhou","factor(msex)1","All_Hodge","Unfiltered","Glutamatergic"
"80","L5/6 NP",-0.17006151037597,0.288675603102682,-0.589109396665847,0.567689138659195,"Zhou","scale(pmi)","All_Hodge","Unfiltered","Glutamatergic"
"81","L5/6 NP",0.295584403465062,0.542332296701378,0.545024526960484,0.596613757422399,"Zhou","LOADAD","All_Hodge","Unfiltered","Glutamatergic"
"82","L5/6 NP",0.426706296736388,1.34739451610744,0.316689946140737,0.764274150602305,"Cain","LOADAD","All_Hodge","Unfiltered","Glutamatergic"
"83","L5/6 NP",-0.244188973448142,0.647754971229665,-0.376977382334227,0.721660031949867,"Cain","scale(age_death)","All_Hodge","Unfiltered","Glutamatergic"
"84","L5/6 NP",-0.409691205133697,0.834196049266526,-0.491121008657282,0.644136761277752,"Cain","factor(msex)1","All_Hodge","Unfiltered","Glutamatergic"
"85","L5/6 NP",0.275547947016471,0.507641692582577,0.542800071472948,0.61057811460446,"Cain","scale(pmi)","All_Hodge","Unfiltered","Glutamatergic"
"86","L6 CT",1.29358619109522,1.23785253300982,1.04502447310899,0.343878510647867,"Cain","LOADAD","All_Hodge","Unfiltered","Glutamatergic"
"87","L6 CT",-0.4647543603706,0.832314964538399,-0.558387605860664,0.600659615036809,"Cain","(Intercept)","All_Hodge","Unfiltered","Glutamatergic"
"88","L6 CT",-0.401280347193088,0.595093064667343,-0.674315281118934,0.530024126158173,"Cain","scale(age_death)","All_Hodge","Unfiltered","Glutamatergic"
"89","L6 CT",-0.364077470354019,0.766376647868901,-0.475063366513614,0.654768538593776,"Cain","factor(msex)1","All_Hodge","Unfiltered","Glutamatergic"
"90","L6 CT",-0.535102820303929,0.466370871717747,-1.14737616080744,0.30314547376386,"Cain","scale(pmi)","All_Hodge","Unfiltered","Glutamatergic"
"91","L6 CT",-0.361713781720416,0.555932326067044,-0.650643549151691,0.528632792582185,"Zhou","factor(msex)1","All_Hodge","Unfiltered","Glutamatergic"
"92","L6 CT",-0.0820403918284845,0.282113776297151,-0.290806046075791,0.776609381021,"Zhou","scale(pmi)","All_Hodge","Unfiltered","Glutamatergic"
"93","L6 CT",-0.0913246786308554,0.405978755966768,-0.224949402619311,0.826142881076446,"Zhou","(Intercept)","All_Hodge","Unfiltered","Glutamatergic"
"94","L6 CT",-0.477368825485407,0.269022656422829,-1.77445584633257,0.103631975974318,"Zhou","scale(age_death)","All_Hodge","Unfiltered","Glutamatergic"
"95","L6 CT",0.453934693552024,0.530004650846475,0.856473038164931,0.410006304996347,"Zhou","LOADAD","All_Hodge","Unfiltered","Glutamatergic"
"96","L6 IT",-1.29859063308784,0.46507665515647,-2.79220773326269,0.0175172281386832,"Zhou","LOADAD","All_Hodge","Unfiltered","Glutamatergic"
"97","L6 IT",-0.0259245945889708,0.247553547396785,-0.104723179536661,0.918480597900713,"Zhou","scale(pmi)","All_Hodge","Unfiltered","Glutamatergic"
"98","L6 IT",0.000914291437975986,0.220621224162711,0.00414416809373555,0.996734499961969,"Mathys","scale(age_death)","All_Hodge","Unfiltered","Glutamatergic"
"99","L6 IT",-0.358035794768868,0.450511458096351,-0.794731828312999,0.436099467883038,"Mathys","factor(msex)1","All_Hodge","Unfiltered","Glutamatergic"
"100","L6 IT",-0.335703035654936,0.483824084807624,-0.693853502122402,0.495754836256857,"Mathys","LOADAD","All_Hodge","Unfiltered","Glutamatergic"
"101","L6 IT",0.216220391075318,0.487828071485188,0.443230727614827,0.666189648401161,"Zhou","factor(msex)1","All_Hodge","Unfiltered","Glutamatergic"
"102","L6 IT",0.386707124308216,0.468612801993587,0.825216730450117,0.418983141941771,"Mathys","(Intercept)","All_Hodge","Unfiltered","Glutamatergic"
"103","L6 IT",0.568212669890677,0.356244500096475,1.5950075572726,0.139017198953492,"Zhou","(Intercept)","All_Hodge","Unfiltered","Glutamatergic"
"104","L6 IT",0.104661788965893,0.236066149628335,0.443357885620933,0.666100464386356,"Zhou","scale(age_death)","All_Hodge","Unfiltered","Glutamatergic"
"105","L6 IT",-0.928378790856975,0.37906363609054,-2.44913703786461,0.0579979277083538,"Cain","scale(age_death)","All_Hodge","Unfiltered","Glutamatergic"
"106","L6 IT",0.083553625476105,0.230332755350339,0.362751816818319,0.720595654783573,"Mathys","scale(pmi)","All_Hodge","Unfiltered","Glutamatergic"
"107","L6 IT",-0.378344986888627,0.297069901997373,-1.27358909248225,0.258801434145,"Cain","scale(pmi)","All_Hodge","Unfiltered","Glutamatergic"
"108","L6 IT",-0.735971417423626,0.530169742453408,-1.38818072494642,0.223754570751769,"Cain","(Intercept)","All_Hodge","Unfiltered","Glutamatergic"
"109","L6 IT",-0.843329934571547,0.488168214358972,-1.72753962623099,0.144649432272449,"Cain","factor(msex)1","All_Hodge","Unfiltered","Glutamatergic"
"110","L6 IT",2.3152727694188,0.788489918579182,2.93633782102224,0.0323938244889303,"Cain","LOADAD","All_Hodge","Unfiltered","Glutamatergic"
"111","L6b",-0.544814286069224,0.792240128249005,-0.687688324085985,0.522243271582541,"Cain","(Intercept)","All_Hodge","Unfiltered","Glutamatergic"
"112","L6b",-0.676402382099707,0.566440141003134,-1.19412861684173,0.285984116289929,"Cain","scale(age_death)","All_Hodge","Unfiltered","Glutamatergic"
"113","L6b",-0.582123003740109,0.729476652064555,-0.798000871025265,0.461072459110813,"Cain","factor(msex)1","All_Hodge","Unfiltered","Glutamatergic"
"114","L6b",-0.343019980421784,0.44391574699871,-0.772714152946642,0.474615029455332,"Cain","scale(pmi)","All_Hodge","Unfiltered","Glutamatergic"
"115","L6b",1.67175157587856,1.1782516130164,1.41884089731799,0.215160518072592,"Cain","LOADAD","All_Hodge","Unfiltered","Glutamatergic"
"116","LAMP5",0.774027274564932,0.57055528752379,1.35662098220877,0.232937919068109,"Cain","scale(age_death)","All_Hodge","Unfiltered","GABAergic"
"117","LAMP5",0.467518402830237,0.797995695291826,0.585865820565944,0.583412120932038,"Cain","(Intercept)","All_Hodge","Unfiltered","GABAergic"
"118","LAMP5",0.63305591528938,0.734776247007328,0.861562847013298,0.428303184817622,"Cain","factor(msex)1","All_Hodge","Unfiltered","GABAergic"
"119","LAMP5",0.304507791730008,0.447140762687907,0.68101103084298,0.526118602768282,"Cain","scale(pmi)","All_Hodge","Unfiltered","GABAergic"
"120","LAMP5",-1.56809272094985,1.18681152548513,-1.32126516070769,0.243643655596603,"Cain","LOADAD","All_Hodge","Unfiltered","GABAergic"
"121","Microglia",0.200154237384972,1.46686468639917,0.136450375580523,0.896789093807917,"Cain","LOADAD","All_Hodge","Unfiltered","Non-neuronal"
"122","Microglia",0.00649759680713367,0.552653037615532,0.0117570995993582,0.991074099441344,"Cain","scale(pmi)","All_Hodge","Unfiltered","Non-neuronal"
"123","Microglia",-0.0884697400552793,0.291032590696027,-0.303985680241849,0.766811866280907,"Zhou","scale(age_death)","All_Hodge","Unfiltered","Non-neuronal"
"124","Microglia",0.387637304815472,0.573366677245045,0.676072259165847,0.512958358508953,"Zhou","LOADAD","All_Hodge","Unfiltered","Non-neuronal"
"125","Microglia",-0.323769020393718,0.601415610336789,-0.538344889671901,0.601062509739257,"Zhou","factor(msex)1","All_Hodge","Unfiltered","Non-neuronal"
"126","Microglia",-0.0724052697600918,0.439193674940354,-0.164859545779946,0.872045072859512,"Zhou","(Intercept)","All_Hodge","Unfiltered","Non-neuronal"
"127","Microglia",-0.11156875746817,0.908162168967294,-0.122851139675901,0.907010289305495,"Cain","factor(msex)1","All_Hodge","Unfiltered","Non-neuronal"
"128","Microglia",-0.0605686213965851,0.223881968714092,-0.27053818467147,0.789518454945299,"Mathys","scale(age_death)","All_Hodge","Unfiltered","Non-neuronal"
"129","Microglia",0.0964679992019777,0.457169941603082,0.211011246416834,0.835013662114966,"Mathys","factor(msex)1","All_Hodge","Unfiltered","Non-neuronal"
"130","Microglia",-0.211808014330915,0.475538820315744,-0.445406358602396,0.660809837808589,"Mathys","(Intercept)","All_Hodge","Unfiltered","Non-neuronal"
"131","Microglia",-0.191941984539301,0.305194753031335,-0.628916397260584,0.542243460296987,"Zhou","scale(pmi)","All_Hodge","Unfiltered","Non-neuronal"
"132","Microglia",0.258599022990571,0.490974923328942,0.526705154791207,0.604191580442478,"Mathys","LOADAD","All_Hodge","Unfiltered","Non-neuronal"
"133","Microglia",-0.0171853508463061,0.705189817367893,-0.0243698227385786,0.98150030181581,"Cain","scale(age_death)","All_Hodge","Unfiltered","Non-neuronal"
"134","Microglia",-0.0635551407306903,0.23373703469773,-0.27190873201964,0.788479334464286,"Mathys","scale(pmi)","All_Hodge","Unfiltered","Non-neuronal"
"135","Microglia",-0.0442927399584012,0.986299576795602,-0.0449079985437125,0.965918991970591,"Cain","(Intercept)","All_Hodge","Unfiltered","Non-neuronal"
"136","Oligodendrocyte",-0.697435842168483,0.624420450711796,-1.11693305588158,0.314800842137665,"Cain","scale(age_death)","All_Hodge","Unfiltered","Non-neuronal"
"137","Oligodendrocyte",0.223142392747689,0.804145234232899,0.277490163776885,0.792511294030098,"Cain","factor(msex)1","All_Hodge","Unfiltered","Non-neuronal"
"138","Oligodendrocyte",0.12503489156724,0.474380575730877,0.263575066020777,0.794803934504004,"Mathys","LOADAD","All_Hodge","Unfiltered","Non-neuronal"
"139","Oligodendrocyte",-0.21503387987347,0.549615381935973,-0.391244289990632,0.703088765942322,"Zhou","LOADAD","All_Hodge","Unfiltered","Non-neuronal"
"140","Oligodendrocyte",1.18815662020099,1.29885640157612,0.914771347132132,0.402272544827214,"Cain","LOADAD","All_Hodge","Unfiltered","Non-neuronal"
"141","Oligodendrocyte",-0.705649506474336,0.873333124091709,-0.807995811687816,0.455798864026431,"Cain","(Intercept)","All_Hodge","Unfiltered","Non-neuronal"
"142","Oligodendrocyte",0.337824045410981,0.292552283572078,1.15474759344256,0.272663212361928,"Zhou","scale(pmi)","All_Hodge","Unfiltered","Non-neuronal"
"143","Oligodendrocyte",-0.285841264895827,0.489354568565903,-0.584118925738263,0.584499488173071,"Cain","scale(pmi)","All_Hodge","Unfiltered","Non-neuronal"
"144","Oligodendrocyte",-0.114850784401517,0.441718160744479,-0.260009197285314,0.797514620149035,"Mathys","factor(msex)1","All_Hodge","Unfiltered","Non-neuronal"
"145","Oligodendrocyte",0.258474061249391,0.225837010855338,1.14451595099688,0.265922750717667,"Mathys","scale(pmi)","All_Hodge","Unfiltered","Non-neuronal"
"146","Oligodendrocyte",0.339562824088208,0.576502408486222,0.589005039857216,0.567756696604047,"Zhou","factor(msex)1","All_Hodge","Unfiltered","Non-neuronal"
"147","Oligodendrocyte",-0.181199302073055,0.216315033961924,-0.837663932803441,0.41211831561804,"Mathys","scale(age_death)","All_Hodge","Unfiltered","Non-neuronal"
"148","Oligodendrocyte",0.10304636595609,0.278976778454899,0.369372556837197,0.718861969202514,"Zhou","scale(age_death)","All_Hodge","Unfiltered","Non-neuronal"
"149","Oligodendrocyte",-0.0248939540903056,0.459466193984469,-0.0541801647569028,0.957329187644637,"Mathys","(Intercept)","All_Hodge","Unfiltered","Non-neuronal"
"150","Oligodendrocyte",-0.019819119096343,0.421000398132733,-0.0470762478711349,0.963296280178632,"Zhou","(Intercept)","All_Hodge","Unfiltered","Non-neuronal"
"151","OPC",-0.185196935853885,0.260162587471485,-0.711850760917665,0.491378880191011,"Zhou","scale(age_death)","All_Hodge","Unfiltered","Non-neuronal"
"152","OPC",0.203988586606405,0.459303957064518,0.444125471746699,0.661720050427282,"Mathys","factor(msex)1","All_Hodge","Unfiltered","Non-neuronal"
"153","OPC",-0.243630600152203,0.392608135742898,-0.62054394183962,0.547541110434399,"Zhou","(Intercept)","All_Hodge","Unfiltered","Non-neuronal"
"154","OPC",0.0251478213049566,0.224927023384784,0.111804357371218,0.912093024419101,"Mathys","scale(age_death)","All_Hodge","Unfiltered","Non-neuronal"
"155","OPC",0.914086018972728,0.512549326401043,1.78341082875115,0.102099900822007,"Zhou","LOADAD","All_Hodge","Unfiltered","Non-neuronal"
"156","OPC",0.0629752254911009,0.234828091656125,0.268175860251506,0.79131046542968,"Mathys","scale(pmi)","All_Hodge","Unfiltered","Non-neuronal"
"157","OPC",-0.0135638989184627,0.493266736464966,-0.0274981017687701,0.978334990386959,"Mathys","LOADAD","All_Hodge","Unfiltered","Non-neuronal"
"158","OPC",-0.0552947680851934,0.272822560667385,-0.202676669956949,0.843087834697157,"Zhou","scale(pmi)","All_Hodge","Unfiltered","Non-neuronal"
"159","OPC",-0.0892336262632579,0.477758579540308,-0.186775560051935,0.853718230689579,"Mathys","(Intercept)","All_Hodge","Unfiltered","Non-neuronal"
"160","OPC",-0.56909975822443,0.537623092165594,-1.05854783121768,0.312497467602004,"Zhou","factor(msex)1","All_Hodge","Unfiltered","Non-neuronal"
"161","OPC",0.750146182928767,0.475811805139348,1.5765606797189,0.175720665607435,"Cain","scale(age_death)","All_Hodge","Unfiltered","Non-neuronal"
"162","OPC",1.03506953707777,0.612763075037657,1.68918392645341,0.151981294957387,"Cain","factor(msex)1","All_Hodge","Unfiltered","Non-neuronal"
"163","OPC",-0.438291518138244,0.665484626245622,-0.658605023846901,0.539263884793348,"Cain","(Intercept)","All_Hodge","Unfiltered","Non-neuronal"
"164","OPC",-0.158486500801289,0.989735695469685,-0.160130125170517,0.879046719253215,"Cain","LOADAD","All_Hodge","Unfiltered","Non-neuronal"
"165","OPC",0.0764933963820127,0.372890862810638,0.205136151112551,0.845555534743313,"Cain","scale(pmi)","All_Hodge","Unfiltered","Non-neuronal"
"166","PAX6",0.333474274750518,0.7387326091258,0.451414044311844,0.670596472426393,"Cain","(Intercept)","All_Hodge","Unfiltered","GABAergic"
"167","PAX6",-1.38126099595661,1.09867306294376,-1.25720839305525,0.264205679761564,"Cain","LOADAD","All_Hodge","Unfiltered","GABAergic"
"168","PAX6",0.839431032006875,0.528183044958448,1.58928053450279,0.172865724543546,"Cain","scale(age_death)","All_Hodge","Unfiltered","GABAergic"
"169","PAX6",0.714312446455567,0.680208148086418,1.05013803269645,0.341737801454428,"Cain","factor(msex)1","All_Hodge","Unfiltered","GABAergic"
"170","PAX6",-0.0689455838552082,0.413933889889145,-0.166561824337873,0.874241042862261,"Cain","scale(pmi)","All_Hodge","Unfiltered","GABAergic"
"171","Pericyte",-0.0565747434752547,0.427735264483854,-0.132265791887707,0.897162442264011,"Zhou","(Intercept)","All_Hodge","Unfiltered","Non-neuronal"
"172","Pericyte",-0.368273115536135,0.283439651474244,-1.29929991665122,0.220413005469698,"Zhou","scale(age_death)","All_Hodge","Unfiltered","Non-neuronal"
"173","Pericyte",-0.764940286287323,0.554083246067162,-1.38055119283394,0.22594293473566,"Cain","scale(age_death)","All_Hodge","Unfiltered","Non-neuronal"
"174","Pericyte",-0.022095749698445,0.713563114701467,-0.030965375372141,0.976495180079201,"Cain","factor(msex)1","All_Hodge","Unfiltered","Non-neuronal"
"175","Pericyte",0.0898478410425759,0.4342317224231,0.206912200106448,0.844240900359842,"Cain","scale(pmi)","All_Hodge","Unfiltered","Non-neuronal"
"176","Pericyte",-0.227012556908485,0.774957405291736,-0.292935528273357,0.781339287390476,"Cain","(Intercept)","All_Hodge","Unfiltered","Non-neuronal"
"177","Pericyte",-0.141283195610164,0.585724885922051,-0.241210846603787,0.813828860133209,"Zhou","factor(msex)1","All_Hodge","Unfiltered","Non-neuronal"
"178","Pericyte",-0.207566507954865,0.297232327912444,-0.698330862637552,0.499467408167353,"Zhou","scale(pmi)","All_Hodge","Unfiltered","Non-neuronal"
"179","Pericyte",0.219111883658134,0.558407739753868,0.392386903080378,0.702268665766085,"Zhou","LOADAD","All_Hodge","Unfiltered","Non-neuronal"
"180","Pericyte",0.476120863515416,1.15254804729735,0.413102833007169,0.696650056641426,"Cain","LOADAD","All_Hodge","Unfiltered","Non-neuronal"
"181","PVALB",0.0158612912878981,0.207597779330117,0.0764039545079907,0.939856869572456,"Mathys","scale(age_death)","All_Hodge","Unfiltered","GABAergic"
"182","PVALB",0.343667077812665,0.804918855328464,0.426958662401347,0.68716994443118,"Cain","factor(msex)1","All_Hodge","Unfiltered","GABAergic"
"183","PVALB",-1.01329557317922,1.30010595535023,-0.779394609346473,0.47100932601863,"Cain","LOADAD","All_Hodge","Unfiltered","GABAergic"
"184","PVALB",-0.646112505029043,0.455263567563256,-1.41920538137344,0.171237232861341,"Mathys","LOADAD","All_Hodge","Unfiltered","GABAergic"
"185","PVALB",0.311549749295178,0.440950218768548,0.706541772822452,0.48800169791721,"Mathys","(Intercept)","All_Hodge","Unfiltered","GABAergic"
"186","PVALB",0.334814247683276,0.874173306809321,0.383006716260106,0.717457220080665,"Cain","(Intercept)","All_Hodge","Unfiltered","GABAergic"
"187","PVALB",0.212421362340437,0.423917411475332,0.501091383817337,0.62177723612263,"Mathys","factor(msex)1","All_Hodge","Unfiltered","GABAergic"
"188","PVALB",0.376234131361776,0.489825347974071,0.768098533319864,0.477117948755072,"Cain","scale(pmi)","All_Hodge","Unfiltered","GABAergic"
"189","PVALB",-0.335427836152623,0.216736031173738,-1.54763300931602,0.137389289715818,"Mathys","scale(pmi)","All_Hodge","Unfiltered","GABAergic"
"190","PVALB",0.662329104604107,0.625021169105201,1.05969067504116,0.337768920040345,"Cain","scale(age_death)","All_Hodge","Unfiltered","GABAergic"
"191","SST",-0.809194277021961,0.447445507412596,-1.80847558778993,0.085593738948308,"Mathys","LOADAD","All_Hodge","Unfiltered","GABAergic"
"192","SST",-0.103663547111342,0.213014109523822,-0.486651083081183,0.631795929666819,"Mathys","scale(pmi)","All_Hodge","Unfiltered","GABAergic"
"193","SST",0.179939333368981,0.416637646394271,0.431884480258178,0.670445628005761,"Mathys","factor(msex)1","All_Hodge","Unfiltered","GABAergic"
"194","SST",-0.384079186863178,0.510552029619772,-0.752282166323413,0.485767032009238,"Cain","scale(pmi)","All_Hodge","Unfiltered","GABAergic"
"195","SST",-0.0258432044361525,1.35511920109931,-0.0190707979159234,0.985522248144562,"Cain","LOADAD","All_Hodge","Unfiltered","GABAergic"
"196","SST",-0.11655217456772,0.204032785244091,-0.571242383562453,0.574199216508229,"Mathys","scale(age_death)","All_Hodge","Unfiltered","GABAergic"
"197","SST",-1.1262728295832,0.434212054021035,-2.59383132999952,0.0249670992776043,"Zhou","LOADAD","All_Hodge","Unfiltered","GABAergic"
"198","SST",0.336271154705601,0.838978539936493,0.400810197995119,0.705113571085628,"Cain","factor(msex)1","All_Hodge","Unfiltered","GABAergic"
"199","SST",0.431513457276944,0.433377956063165,0.995697753519451,0.331291999927048,"Mathys","(Intercept)","All_Hodge","Unfiltered","GABAergic"
"200","SST",-0.350875288164245,0.231124768580757,-1.51812066841138,0.157187454268921,"Zhou","scale(pmi)","All_Hodge","Unfiltered","GABAergic"
"201","SST",0.0254185932833365,0.651468585204526,0.0390173737623226,0.970386503705536,"Cain","scale(age_death)","All_Hodge","Unfiltered","GABAergic"
"202","SST",0.327544946901691,0.455453582931267,0.719162081882492,0.487038362452426,"Zhou","factor(msex)1","All_Hodge","Unfiltered","GABAergic"
"203","SST",-0.155213975134724,0.91116345423298,-0.170347015580628,0.871415655933048,"Cain","(Intercept)","All_Hodge","Unfiltered","GABAergic"
"204","SST",-0.275945350361978,0.220399726751433,-1.25202219816357,0.236529160410267,"Zhou","scale(age_death)","All_Hodge","Unfiltered","GABAergic"
"205","SST",0.440307059703469,0.33260249553602,1.32382368025794,0.212413316215029,"Zhou","(Intercept)","All_Hodge","Unfiltered","GABAergic"
"206","VIP",-0.393507289098497,0.296528328018954,-1.32704788013827,0.211379567382185,"Zhou","scale(pmi)","All_Hodge","Unfiltered","GABAergic"
"207","VIP",-0.319775775270051,0.557085141394288,-0.57401598339117,0.577505624953474,"Zhou","LOADAD","All_Hodge","Unfiltered","GABAergic"
"208","VIP",0.641851103328831,0.584337586430774,1.09842515394116,0.295479716889918,"Zhou","factor(msex)1","All_Hodge","Unfiltered","GABAergic"
"209","VIP",0.0978838457969832,0.448607583125248,0.218194808734775,0.829488258397631,"Mathys","(Intercept)","All_Hodge","Unfiltered","GABAergic"
"210","VIP",-0.0482282493597392,0.282768319772708,-0.170557470506263,0.867668390305384,"Zhou","scale(age_death)","All_Hodge","Unfiltered","GABAergic"
"211","VIP",0.980429324937958,0.450498505508031,2.17632092659735,0.08149034946905,"Cain","scale(age_death)","All_Hodge","Unfiltered","GABAergic"
"212","VIP",-0.0537114512998874,0.220499782021979,-0.243589589102331,0.810029837454202,"Mathys","scale(pmi)","All_Hodge","Unfiltered","GABAergic"
"213","VIP",0.342122682784033,0.431278990943149,0.79327463189398,0.436928377680953,"Mathys","factor(msex)1","All_Hodge","Unfiltered","GABAergic"
"214","VIP",-0.080806276113286,0.426722166134985,-0.18936507762225,0.85325555347552,"Zhou","(Intercept)","All_Hodge","Unfiltered","GABAergic"
"215","VIP",-1.35318121261984,0.937081524336002,-1.44403787448341,0.208333213485256,"Cain","LOADAD","All_Hodge","Unfiltered","GABAergic"
"216","VIP",0.272415004253603,0.211202838967942,1.28982643218613,0.211826836966167,"Mathys","scale(age_death)","All_Hodge","Unfiltered","GABAergic"
"217","VIP",0.128142999594638,0.630080688045188,0.203375539079286,0.84685930534753,"Cain","(Intercept)","All_Hodge","Unfiltered","GABAergic"
"218","VIP",0.0338828513298867,0.353052981450504,0.0959710103301787,0.927271447872403,"Cain","scale(pmi)","All_Hodge","Unfiltered","GABAergic"
"219","VIP",1.09689521343056,0.58016393572691,1.89066425174501,0.117259993158967,"Cain","factor(msex)1","All_Hodge","Unfiltered","GABAergic"
"220","VIP",-0.409535521145811,0.46316949178504,-0.884202281042896,0.387093235496889,"Mathys","LOADAD","All_Hodge","Unfiltered","GABAergic"
